orix,oriy,oriz,gyrox,gyroy,gyroz,linerx,linery,linerz,accx,accy,accz,gravx,gravy,gravz,temp
332.75,85.94,-3.31,0.00,0.00,-0.00,-0.18,0.03,0.03,9.59,0.60,0.40,9.78,0.57,0.37,28
332.75,85.94,-3.31,-0.00,0.00,0.00,-0.17,0.08,-0.03,9.61,0.65,0.33,9.78,0.57,0.37,28
332.75,85.94,-3.31,0.00,0.00,0.00,-0.16,0.03,-0.07,9.62,0.60,0.29,9.78,0.57,0.37,28
332.75,85.94,-3.31,0.00,0.00,0.00,-0.18,0.04,0.02,9.60,0.61,0.40,9.78,0.57,0.37,28
332.75,85.94,-3.31,-0.00,-0.00,0.00,-0.17,0.06,0.01,9.61,0.63,0.38,9.78,0.57,0.37,28
332.75,85.94,-3.31,-0.00,0.00,0.00,-0.18,0.03,-0.06,9.59,0.60,0.31,9.78,0.57,0.37,28
332.75,85.94,-3.31,-0.00,-0.00,-0.00,-0.18,0.05,0.01,9.60,0.62,0.39,9.78,0.57,0.37,28
332.75,85.94,-3.31,0.00,0.00,0.00,-0.18,0.04,-0.01,9.59,0.61,0.35,9.78,0.57,0.37,28
332.75,85.94,-3.31,0.00,-0.00,0.00,-0.17,0.06,0.01,9.58,0.62,0.35,9.78,0.57,0.37,28
332.75,85.94,-3.31,-0.00,0.00,0.00,-0.17,0.07,0.00,9.57,0.63,0.37,9.78,0.57,0.37,28
332.75,85.94,-3.31,0.00,-0.00,-0.00,-0.16,0.05,-0.04,9.59,0.63,0.34,9.78,0.57,0.37,28
332.75,85.94,-3.31,0.00,0.00,-0.00,-0.18,0.04,-0.05,9.59,0.60,0.37,9.78,0.57,0.37,28
332.75,85.94,-3.31,0.00,-0.00,-0.00,-0.17,0.03,-0.01,9.60,0.61,0.31,9.78,0.57,0.37,28
332.75,85.94,-3.31,0.00,-0.00,-0.00,-0.17,0.06,-0.02,9.59,0.61,0.35,9.78,0.57,0.37,28
332.75,85.94,-3.31,-0.00,-0.00,0.00,-0.18,0.03,0.00,9.60,0.61,0.38,9.78,0.57,0.37,28
332.75,85.94,-3.31,0.00,-0.00,0.00,-0.17,0.04,-0.02,9.61,0.62,0.35,9.78,0.57,0.37,28
332.75,85.94,-3.31,0.00,-0.00,-0.00,-0.17,0.05,-0.04,9.60,0.62,0.32,9.78,0.57,0.37,28
332.75,85.94,-3.31,0.00,-0.00,-0.00,-0.16,0.04,0.00,9.62,0.62,0.36,9.78,0.57,0.37,28
332.75,85.94,-3.31,0.00,-0.00,0.00,-0.18,0.04,0.00,9.59,0.61,0.37,9.78,0.57,0.37,28
332.75,85.94,-3.31,0.00,0.00,0.00,-0.20,0.05,-0.03,9.57,0.63,0.34,9.78,0.57,0.37,28
332.75,85.94,-3.31,-0.00,-0.00,0.00,-0.20,0.06,-0.04,9.57,0.64,0.33,9.78,0.57,0.37,28
332.75,85.94,-3.31,0.00,0.00,0.00,-0.20,0.04,-0.01,9.57,0.61,0.36,9.78,0.57,0.37,28
332.75,85.94,-3.31,0.00,-0.00,-0.00,-0.18,0.04,-0.05,9.59,0.61,0.31,9.78,0.57,0.37,28
332.75,85.94,-3.31,0.00,0.00,0.00,-0.18,0.03,0.00,9.58,0.62,0.37,9.78,0.57,0.37,28
332.75,85.94,-3.31,0.00,0.00,0.00,-0.18,0.04,0.00,9.60,0.62,0.33,9.78,0.57,0.37,28
332.75,85.94,-3.31,-0.00,-0.00,0.00,-0.17,0.04,-0.04,9.61,0.61,0.36,9.78,0.57,0.37,28
332.75,85.94,-3.31,0.00,0.00,0.00,-0.17,0.04,0.00,9.60,0.60,0.35,9.78,0.57,0.37,28
332.75,85.94,-3.31,0.00,0.00,0.00,-0.17,0.05,0.00,9.60,0.61,0.38,9.78,0.57,0.37,28
332.75,85.94,-3.31,0.00,0.00,-0.00,-0.15,0.04,-0.02,9.62,0.62,0.34,9.78,0.57,0.37,28
332.75,85.94,-3.31,-0.00,-0.00,0.00,-0.17,0.04,0.00,9.60,0.61,0.36,9.78,0.57,0.37,28
332.75,85.94,-3.31,0.00,0.00,0.00,-0.18,0.08,0.01,9.60,0.65,0.38,9.78,0.57,0.37,28
332.75,85.94,-3.31,0.00,0.00,0.00,-0.17,0.03,-0.03,9.61,0.60,0.34,9.78,0.57,0.37,28
332.75,85.94,-3.31,0.00,0.00,0.00,-0.18,0.05,0.01,9.59,0.62,0.38,9.78,0.57,0.37,28
332.75,85.94,-3.31,-0.00,-0.00,-0.00,-0.16,0.04,-0.02,9.62,0.62,0.35,9.78,0.57,0.37,28
332.75,85.94,-3.31,0.00,0.00,-0.00,-0.17,0.04,-0.04,9.61,0.61,0.33,9.78,0.57,0.37,28
332.75,85.94,-3.31,0.00,-0.00,0.00,-0.17,0.03,-0.02,9.61,0.60,0.34,9.78,0.57,0.37,28
332.75,85.94,-3.31,0.00,-0.00,0.00,-0.15,0.03,-0.02,9.62,0.61,0.34,9.78,0.57,0.37,28
332.75,85.94,-3.31,0.00,0.00,0.00,-0.17,0.06,-0.03,9.62,0.58,0.39,9.78,0.57,0.37,28
332.75,85.94,-3.31,0.00,-0.00,-0.00,-0.17,0.03,0.00,9.61,0.60,0.37,9.78,0.57,0.37,28
332.75,85.94,-3.31,0.00,-0.00,0.00,-0.17,0.04,0.00,9.61,0.63,0.34,9.78,0.57,0.37,28
332.75,85.94,-3.31,-0.00,-0.00,0.00,-0.18,0.04,0.00,9.62,0.61,0.33,9.78,0.57,0.37,28
332.75,85.94,-3.31,0.00,-0.00,-0.00,-0.17,0.05,-0.01,9.58,0.62,0.37,9.78,0.57,0.37,28
332.75,85.94,-3.31,0.00,0.00,-0.00,-0.17,0.05,0.01,9.60,0.59,0.36,9.78,0.57,0.37,28
332.75,85.94,-3.31,0.00,0.00,-0.00,-0.17,0.02,-0.03,9.61,0.60,0.33,9.78,0.57,0.37,28
332.75,85.94,-3.31,-0.00,-0.00,0.00,-0.16,0.06,-0.07,9.62,0.64,0.30,9.78,0.57,0.37,28
332.75,85.94,-3.31,-0.00,-0.00,-0.00,-0.18,0.05,0.03,9.59,0.63,0.41,9.78,0.57,0.37,28
332.75,85.94,-3.31,0.00,0.00,0.00,-0.19,0.04,0.01,9.59,0.62,0.38,9.78,0.57,0.37,28
332.75,85.94,-3.31,-0.00,0.00,0.00,-0.16,0.04,-0.03,9.62,0.61,0.34,9.78,0.57,0.37,28
332.75,85.94,-3.31,-0.00,-0.00,-0.00,-0.14,0.06,-0.04,9.63,0.64,0.32,9.78,0.57,0.37,28
332.75,85.94,-3.31,0.00,-0.00,0.00,-0.19,0.01,-0.11,9.58,0.58,0.26,9.78,0.57,0.37,28
332.75,85.94,-3.31,0.00,0.00,-0.00,-0.16,0.05,0.03,9.61,0.62,0.40,9.78,0.57,0.37,28
332.75,85.94,-3.31,-0.00,-0.00,-0.00,-0.18,0.07,-0.06,9.60,0.64,0.31,9.78,0.57,0.37,28
332.75,85.94,-3.31,-0.00,-0.00,0.00,-0.17,0.00,0.01,9.61,0.57,0.39,9.78,0.57,0.37,28
332.75,85.94,-3.31,-0.00,0.00,-0.00,-0.17,0.07,0.00,9.60,0.64,0.36,9.78,0.57,0.37,28
332.75,85.94,-3.31,-0.00,-0.00,0.00,-0.16,0.00,-0.07,9.61,0.57,0.29,9.78,0.57,0.37,28
332.75,85.94,-3.31,0.00,0.00,-0.00,-0.18,0.07,0.01,9.59,0.64,0.38,9.78,0.57,0.37,28
332.75,85.94,-3.31,0.00,0.00,0.00,-0.17,0.05,-0.01,9.59,0.62,0.32,9.78,0.57,0.37,28
332.75,85.94,-3.31,0.00,0.00,0.00,-0.16,0.04,-0.05,9.60,0.61,0.35,9.78,0.57,0.37,28
332.75,85.94,-3.31,0.00,0.00,-0.00,-0.15,0.05,0.01,9.62,0.62,0.37,9.78,0.57,0.37,28
332.75,85.94,-3.31,-0.00,0.00,0.00,-0.17,0.01,-0.02,9.59,0.60,0.34,9.78,0.57,0.37,28
332.75,85.94,-3.31,0.00,0.00,0.00,-0.18,0.05,-0.04,9.61,0.62,0.37,9.78,0.57,0.37,28
332.75,85.94,-3.31,0.00,0.00,0.00,-0.17,0.02,-0.01,9.60,0.60,0.35,9.78,0.57,0.37,28
332.75,85.94,-3.31,-0.00,0.00,-0.00,-0.18,0.05,-0.03,9.59,0.63,0.34,9.78,0.57,0.37,28
332.75,85.94,-3.31,0.00,0.00,0.00,-0.16,0.06,-0.01,9.61,0.64,0.36,9.78,0.57,0.37,28
332.75,85.94,-3.31,0.00,0.00,-0.00,-0.18,0.05,-0.02,9.59,0.63,0.34,9.78,0.57,0.37,28
332.75,85.94,-3.31,-0.00,-0.00,0.00,-0.16,0.06,0.02,9.62,0.63,0.40,9.78,0.57,0.37,28
332.75,85.94,-3.31,0.00,0.00,0.00,-0.17,0.03,-0.02,9.60,0.60,0.35,9.78,0.57,0.37,27
332.75,85.94,-3.31,-0.00,-0.00,0.00,-0.07,0.00,0.00,9.70,0.57,0.37,9.78,0.57,0.37,27
332.75,85.94,-3.31,-0.00,0.00,-0.00,-0.18,0.03,-0.02,9.59,0.60,0.34,9.78,0.57,0.37,27
332.75,85.94,-3.31,-0.00,0.00,-0.00,-0.18,0.03,-0.01,9.60,0.61,0.35,9.78,0.57,0.37,27
332.75,85.94,-3.31,0.00,0.00,0.00,-0.20,0.03,-0.05,9.61,0.60,0.39,9.78,0.57,0.37,27
332.75,85.94,-3.31,-0.00,0.00,0.00,-0.19,0.04,0.01,9.59,0.60,0.37,9.78,0.57,0.37,27
332.75,85.94,-3.31,0.00,0.00,0.00,-0.20,0.04,-0.05,9.59,0.59,0.36,9.78,0.57,0.37,27
332.75,85.94,-3.31,-0.00,0.00,0.00,-0.16,0.04,-0.01,9.60,0.63,0.35,9.78,0.57,0.37,27
332.75,85.94,-3.31,0.00,0.00,0.00,-0.15,0.04,-0.02,9.60,0.64,0.32,9.78,0.57,0.37,27
332.75,85.94,-3.31,0.00,0.00,-0.00,-0.17,0.02,0.00,9.60,0.60,0.37,9.78,0.57,0.37,27
332.75,85.94,-3.31,0.00,0.00,0.00,-0.17,0.03,0.01,9.60,0.61,0.39,9.78,0.57,0.37,27
332.75,85.94,-3.31,-0.00,-0.00,0.00,-0.17,0.05,-0.02,9.60,0.63,0.35,9.78,0.57,0.37,27
332.75,85.94,-3.31,0.00,0.00,0.00,-0.16,0.02,-0.03,9.62,0.60,0.34,9.78,0.57,0.37,27
332.75,85.94,-3.31,-0.00,-0.00,-0.00,-0.15,0.03,-0.02,9.62,0.60,0.35,9.78,0.57,0.37,27
332.75,85.94,-3.31,0.00,0.00,0.00,-0.16,0.05,-0.02,9.61,0.63,0.35,9.78,0.57,0.37,27
332.75,85.94,-3.31,-0.00,0.00,0.00,-0.15,0.03,-0.02,9.63,0.61,0.35,9.78,0.57,0.37,27
332.75,85.94,-3.31,0.00,-0.00,0.00,-0.17,0.02,-0.05,9.61,0.60,0.32,9.78,0.57,0.37,27
332.75,85.94,-3.31,0.00,0.00,0.00,-0.15,0.04,-0.02,9.63,0.62,0.35,9.78,0.57,0.37,27
332.75,85.94,-3.31,0.00,0.00,0.00,-0.17,0.02,-0.03,9.62,0.64,0.36,9.78,0.57,0.37,27
332.75,85.94,-3.31,0.00,0.00,0.00,-0.17,0.04,-0.02,9.61,0.60,0.34,9.78,0.57,0.37,27
332.75,85.94,-3.31,0.00,0.00,0.00,-0.17,0.03,-0.02,9.61,0.62,0.35,9.78,0.57,0.37,27
332.75,85.94,-3.31,0.00,0.00,0.00,-0.18,0.03,-0.03,9.61,0.59,0.31,9.78,0.57,0.37,27
332.75,85.94,-3.31,0.00,-0.00,0.00,-0.19,0.03,-0.02,9.60,0.61,0.35,9.78,0.57,0.37,27
332.75,85.94,-3.31,0.00,0.00,0.00,-0.17,0.05,-0.04,9.60,0.62,0.33,9.78,0.57,0.37,27
332.75,85.94,-3.31,-0.00,0.00,0.00,-0.15,0.05,-0.03,9.62,0.62,0.33,9.78,0.57,0.37,27
332.75,85.94,-3.31,-0.00,-0.00,0.00,-0.18,0.05,-0.01,9.60,0.62,0.36,9.78,0.57,0.37,28
332.75,85.94,-3.31,-0.00,-0.00,0.00,-0.16,0.03,-0.01,9.61,0.61,0.36,9.78,0.57,0.37,28
332.75,85.94,-3.31,0.00,-0.00,0.00,-0.17,0.03,-0.01,9.60,0.61,0.36,9.78,0.57,0.37,28
332.75,85.94,-3.31,-0.00,0.00,0.00,-0.16,0.04,0.00,9.61,0.62,0.37,9.78,0.57,0.37,28
332.75,85.94,-3.31,-0.00,0.00,0.00,-0.17,0.03,0.00,9.61,0.61,0.36,9.78,0.57,0.37,28
332.75,85.94,-3.31,0.00,0.00,-0.00,-0.19,0.04,-0.03,9.59,0.61,0.34,9.78,0.57,0.37,28
332.75,85.94,-3.31,0.00,-0.00,-0.00,-0.16,0.05,-0.01,9.61,0.62,0.35,9.78,0.57,0.37,28
332.75,85.94,-3.31,0.00,-0.00,0.00,-0.18,0.02,-0.02,9.59,0.60,0.35,9.78,0.57,0.37,28
332.75,85.94,-3.31,0.00,0.00,0.00,-0.17,0.04,-0.04,9.61,0.61,0.33,9.78,0.57,0.37,28
332.75,85.94,-3.31,0.00,0.00,-0.00,-0.17,0.03,-0.02,9.60,0.60,0.34,9.78,0.57,0.37,28
332.75,85.94,-3.31,0.00,0.00,0.00,-0.18,0.03,-0.02,9.61,0.64,0.32,9.78,0.57,0.37,28
332.75,85.94,-3.31,-0.00,-0.00,0.00,-0.17,0.04,-0.03,9.60,0.63,0.35,9.78,0.57,0.37,28
332.75,85.94,-3.31,0.00,0.00,-0.00,-0.17,0.03,-0.01,9.60,0.62,0.38,9.78,0.57,0.37,28
332.75,85.94,-3.31,0.00,-0.00,0.00,-0.18,0.04,-0.01,9.60,0.60,0.37,9.78,0.57,0.37,28
332.75,85.94,-3.31,-0.00,-0.00,0.00,-0.16,0.04,-0.04,9.62,0.62,0.33,9.78,0.57,0.37,28
332.75,85.94,-3.31,-0.00,-0.00,0.00,-0.16,0.03,-0.02,9.61,0.60,0.34,9.78,0.57,0.37,28
332.75,85.94,-3.31,0.00,-0.00,-0.00,-0.16,0.03,0.00,9.61,0.60,0.36,9.78,0.57,0.37,28
332.75,85.94,-3.31,-0.00,-0.00,-0.00,-0.15,0.03,-0.01,9.62,0.60,0.36,9.78,0.57,0.37,28
332.75,85.94,-3.31,0.00,-0.00,0.00,-0.18,0.03,0.00,9.59,0.61,0.37,9.78,0.57,0.37,28
332.75,85.94,-3.31,-0.00,-0.00,0.00,-0.15,0.06,-0.05,9.62,0.63,0.32,9.78,0.57,0.37,28
332.75,85.94,-3.31,0.00,0.00,-0.00,-0.15,0.04,-0.02,9.63,0.62,0.35,9.78,0.57,0.37,28
332.75,85.94,-3.31,-0.00,-0.00,0.00,-0.16,0.05,-0.03,9.61,0.62,0.33,9.78,0.57,0.37,28
332.75,85.94,-3.31,0.00,-0.00,0.00,-0.15,0.05,0.00,9.63,0.62,0.37,9.78,0.57,0.37,28
332.75,85.94,-3.31,0.00,0.00,0.00,-0.16,0.03,-0.02,9.61,0.61,0.35,9.78,0.57,0.37,28
332.75,85.94,-3.31,-0.00,0.00,0.00,-0.22,0.03,-0.05,9.55,0.60,0.31,9.78,0.57,0.37,28
332.75,86.00,-3.31,-0.02,-0.03,0.01,-0.16,-0.23,0.04,9.86,0.66,-0.25,9.78,0.57,0.36,28
332.75,86.06,-3.25,-0.02,-0.11,0.09,-0.06,0.58,0.43,9.72,1.14,0.78,9.78,0.56,0.35,28
332.63,86.19,-3.19,0.06,-0.03,-0.05,0.46,-1.53,-0.83,10.25,-0.97,-0.50,9.78,0.55,0.32,28
333.38,86.44,-3.38,-0.41,-0.60,-0.14,2.03,-2.50,-3.56,11.82,-1.92,-3.37,9.78,0.57,0.18,28
334.56,86.38,-176.44,-0.34,-0.77,-0.06,4.36,-0.66,0.11,14.15,-0.05,0.00,9.78,0.60,-0.11,28
335.69,85.44,-175.75,-0.14,-0.37,-0.38,3.21,-1.46,-1.18,12.98,-0.74,-1.48,9.77,0.71,-0.29,28
336.63,84.63,-175.06,-0.18,-0.08,-0.37,0.88,-0.60,-1.96,10.64,0.27,-2.33,9.76,0.87,-0.36,28
337.56,84.19,-174.50,-0.10,0.37,-0.01,-1.05,-0.05,-1.56,8.70,0.87,-1.84,9.75,0.93,-0.28,28
337.19,84.88,-174.94,-0.03,0.48,0.38,-1.35,0.00,-1.55,8.41,0.81,-1.65,9.77,0.82,-0.10,28
336.13,86.00,-3.94,-0.06,0.33,0.51,-1.12,-0.20,-1.69,8.64,0.43,-1.54,9.78,0.63,0.03,28
335.38,87.00,-2.94,-0.15,0.03,0.40,-1.01,0.14,-0.74,8.78,0.64,-0.68,9.79,0.47,0.06,28
335.00,87.69,-2.25,-0.13,-0.14,0.27,-1.04,-0.38,-1.05,8.74,0.00,-1.02,9.79,0.36,0.02,28
334.63,88.50,-178.56,-0.26,-0.21,0.51,-0.56,-0.28,-0.46,9.23,-0.03,-0.49,9.80,0.24,-0.03,28
334.00,89.44,-179.94,-0.33,-0.11,0.67,0.14,-0.11,0.78,9.94,-0.10,0.69,9.80,-0.05,-0.09,28
332.94,88.25,178.25,-0.27,0.18,0.88,-0.13,-1.16,0.03,9.66,-1.46,-0.02,9.80,-0.29,-0.06,28
331.81,86.75,3.19,-0.22,0.41,0.75,0.11,-0.67,0.16,9.90,-1.28,0.22,9.78,-0.61,0.06,28
331.19,85.44,4.38,-0.23,0.39,0.34,-0.76,-0.20,-0.11,9.00,-0.98,0.09,9.77,-0.77,0.20,28
331.19,84.69,4.94,-0.27,0.35,0.24,-0.98,0.78,-0.76,8.77,-0.08,-0.43,9.76,-0.87,0.33,28
331.75,83.94,5.50,-0.67,0.31,0.20,-0.77,0.46,-0.19,8.84,-0.50,0.41,9.75,-0.96,0.42,28
333.81,83.81,5.50,-0.92,0.29,-0.13,-1.37,0.30,0.13,8.37,-0.63,0.60,9.74,-0.93,0.49,28
335.75,83.50,5.50,-0.75,0.40,0.05,-2.25,0.11,1.01,7.49,-0.82,1.58,9.74,-0.95,0.61,28
336.75,82.31,53.25,-0.70,0.66,0.23,-0.85,0.36,-0.23,8.85,-0.68,0.54,9.71,-1.06,0.83,28
338.75,81.88,48.19,-0.89,0.30,-0.33,-1.04,-0.37,-0.76,8.66,-1.40,0.16,9.70,-1.03,0.92,28
341.63,82.38,45.06,-0.98,-0.05,-0.36,-1.31,-0.95,0.04,8.40,-1.86,0.96,9.72,-0.91,0.91,28
343.00,82.63,47.75,-0.78,-0.26,0.25,-1.23,0.25,-0.13,8.48,-0.70,0.66,9.72,-0.95,0.80,28
344.00,82.63,56.88,-0.82,-0.38,0.28,-0.47,-0.17,2.65,9.25,-1.25,3.29,9.72,-1.07,0.64,28
344.94,82.69,61.63,-0.36,-0.03,-0.15,0.49,-0.33,1.99,10.22,-1.39,2.58,9.73,-1.06,0.59,28
346.19,83.69,4.81,0.54,0.38,-1.03,0.78,0.18,3.17,9.88,-0.51,3.06,9.75,-0.70,0.74,28
347.56,83.94,1.44,1.14,0.98,-1.63,-0.47,0.38,1.39,9.27,0.13,2.38,9.74,-0.07,1.09,28
348.94,81.31,-17.75,1.15,1.08,-1.67,-0.13,-0.39,-0.44,9.55,0.05,0.95,9.69,0.45,1.40,28
350.50,78.50,-30.81,0.36,0.48,-1.12,-0.17,0.26,-1.03,9.43,1.26,0.64,9.61,0.99,1.67,28
352.31,78.06,-36.69,-0.52,-0.46,-0.29,-1.74,0.73,0.02,7.85,1.94,1.64,9.59,1.20,1.62,28
353.31,79.31,-37.88,-0.73,-0.66,0.41,-1.19,0.63,-0.08,8.44,1.75,1.34,9.63,1.11,1.42,28
353.69,81.00,-36.19,-0.96,-0.86,0.71,-0.62,0.28,1.66,9.08,1.10,2.81,9.70,0.82,1.15,28
354.31,83.38,-3.63,-0.90,-0.81,0.45,-0.24,-0.01,0.30,9.50,0.57,1.17,9.75,0.59,0.86,28
355.00,84.88,-2.81,-0.40,-0.37,0.36,0.67,1.05,-0.67,10.44,1.50,0.03,9.77,0.45,0.71,28
354.81,85.13,-2.06,-0.20,0.16,0.27,-1.10,0.56,-0.18,8.58,1.12,0.74,9.77,0.33,0.76,28
354.75,84.75,-1.69,-0.13,0.29,0.12,-1.76,0.82,0.00,7.99,1.12,0.84,9.76,0.29,0.84,28
354.88,84.31,-1.44,-0.19,0.17,0.07,-1.69,1.10,-0.03,8.06,1.36,0.90,9.75,0.25,0.93,28
355.44,84.31,-1.69,-0.28,-0.26,-0.10,-1.87,1.11,0.19,7.88,1.41,1.09,9.76,0.29,0.90,28
355.94,85.00,-1.56,-0.24,-0.39,0.19,-0.85,-0.29,0.33,8.91,-0.05,1.10,9.77,0.23,0.76,28
355.13,85.94,-0.44,-0.05,-0.20,0.59,0.39,-0.22,-0.12,11.01,-0.32,0.21,9.78,0.02,0.67,28
354.13,86.00,0.50,0.05,0.05,0.28,1.40,-0.23,-0.18,11.21,-0.44,0.31,9.78,-0.10,0.68,28
353.81,85.69,0.63,0.06,0.16,0.03,0.58,-0.29,-0.42,10.21,-0.40,0.42,9.77,-0.12,0.74,28
353.38,85.13,0.94,0.00,0.20,0.24,0.35,-0.49,-0.52,10.12,-0.74,0.41,9.77,-0.19,0.81,28
352.75,84.75,1.69,-0.01,0.06,0.36,0.93,-1.07,0.14,10.70,-1.37,0.98,9.76,-0.29,0.83,28
352.00,84.25,2.31,0.08,0.16,0.18,1.46,-1.12,-0.06,11.22,-1.52,0.82,9.75,-0.40,0.88,28
351.88,84.00,2.31,0.08,0.14,-0.20,0.84,-0.49,-0.29,10.60,-0.86,0.65,9.75,-0.37,0.94,28
352.31,84.00,1.81,0.01,0.04,-0.19,0.07,0.03,-0.43,9.82,-0.26,0.53,9.75,-0.29,0.97,28
352.50,84.06,1.63,-0.04,-0.02,-0.02,0.42,-0.32,-0.26,10.17,-0.61,0.69,9.75,-0.28,0.96,28
352.63,84.13,1.63,-0.04,-0.04,-0.07,0.36,-0.51,-0.22,10.05,-0.82,0.83,9.75,-0.26,0.95,28
353.00,84.25,1.25,0.00,-0.02,-0.18,-0.18,-0.40,-0.27,9.44,-0.56,0.55,9.75,-0.20,0.94,28
353.38,84.44,0.88,0.01,-0.06,-0.15,-0.38,-0.35,-0.28,9.38,-0.43,0.64,9.76,-0.14,0.92,28
353.56,84.69,0.69,-0.01,-0.07,-0.09,-0.53,-0.33,-0.23,9.22,-0.46,0.65,9.76,-0.12,0.88,28
353.56,84.88,0.75,-0.01,-0.05,-0.03,-0.30,-0.36,-0.25,9.46,-0.49,0.61,9.76,-0.13,0.86,28
353.63,85.00,0.75,-0.03,-0.07,-0.07,-0.37,-0.22,-0.08,9.39,-0.34,0.74,9.77,-0.12,0.82,28
353.69,85.19,0.69,-0.01,-0.06,-0.01,-0.21,-0.21,-0.16,9.55,-0.34,0.64,9.77,-0.12,0.80,28
353.56,85.31,0.75,0.04,-0.01,0.00,-0.15,-0.26,-0.14,9.61,-0.40,0.63,9.77,-0.14,0.78,28
353.38,85.38,0.81,0.07,-0.02,-0.01,-0.13,-0.25,-0.22,9.57,-0.37,0.62,9.77,-0.14,0.76,28
353.31,85.50,0.81,0.02,-0.07,-0.05,-0.35,-0.08,-0.01,9.42,-0.22,0.73,9.77,-0.13,0.75,28
353.38,85.63,0.75,-0.02,-0.05,0.02,-0.52,-0.05,-0.26,9.25,-0.19,0.45,9.77,-0.13,0.72,28
353.13,85.63,1.06,-0.03,-0.01,0.19,0.27,-0.36,-0.46,10.05,-0.55,0.24,9.77,-0.18,0.71,28
352.94,85.56,1.38,-0.05,-0.01,0.08,0.83,-0.15,-0.12,10.60,-0.39,0.58,9.77,-0.24,0.71,28
353.00,85.50,1.31,-0.02,0.03,-0.09,1.16,0.12,-0.45,10.94,-0.10,0.26,9.77,-0.23,0.72,28
353.13,85.38,1.25,-0.05,0.15,0.06,1.56,0.10,-0.16,11.33,-0.12,0.59,9.77,-0.22,0.76,28
352.88,85.00,1.69,-0.14,0.06,0.34,2.09,0.50,0.80,11.86,0.16,1.59,9.76,-0.34,0.78,28
352.06,84.69,3.00,-0.22,-0.20,0.66,2.61,0.16,-0.42,12.37,-0.42,0.29,9.76,-0.58,0.72,28
350.63,83.81,4.75,-0.17,-0.14,0.87,2.16,-0.26,-0.54,12.51,-1.65,1.62,9.74,-0.90,0.65,28
348.56,81.63,60.50,-0.15,0.26,1.21,4.21,-2.02,0.52,13.91,-3.26,1.22,9.70,-1.23,0.70,28
346.50,79.25,63.44,-0.02,0.26,0.92,3.97,-2.94,-0.17,13.61,-4.57,0.64,9.63,-1.63,0.81,28
345.00,78.13,68.44,-0.05,-0.63,0.49,4.12,-3.79,0.32,13.72,-5.66,1.06,9.59,-1.86,0.73,28
344.31,78.19,79.81,-0.20,-1.07,0.18,2.44,-4.60,-0.69,12.04,-6.57,-0.34,9.59,-1.97,0.35,28
344.50,78.63,89.50,-0.06,-0.70,-0.32,1.93,-4.54,-0.29,11.55,-6.47,-0.27,9.61,-1.93,0.01,28
345.38,79.75,93.06,0.19,-0.24,-1.14,2.09,-4.17,0.86,11.76,-5.80,0.75,9.66,-1.62,-0.11,28
347.81,82.25,98.31,-0.18,-0.25,-1.07,-1.64,-5.47,-0.19,8.07,-6.69,-0.40,9.72,-1.21,-0.20,28
350.31,83.56,173.56,-0.72,0.86,-0.19,-0.34,-1.48,-0.30,9.40,-2.58,-0.30,9.74,-1.09,0.00,28
350.81,83.13,82.06,-0.22,0.48,0.32,-1.25,-2.76,0.76,7.16,-4.65,1.60,9.73,-1.19,0.20,28
350.63,82.19,72.06,0.00,0.81,0.11,-2.09,-2.86,0.96,7.61,-4.12,1.37,9.71,-1.26,0.40,28
351.44,82.13,62.13,-0.18,0.16,-0.28,-2.04,-4.06,-2.03,7.67,-5.24,-1.41,9.71,-1.18,0.62,28
352.63,83.25,6.19,-0.25,-0.59,-0.35,-6.98,-3.48,-0.25,2.74,-4.55,0.16,9.74,-1.03,0.38,28
353.44,84.19,5.38,0.07,0.03,-0.50,-5.53,0.00,0.56,4.22,-0.91,0.91,9.75,-0.91,0.35,28
356.56,87.00,2.25,-0.01,-0.22,-2.05,-4.05,0.70,-0.83,5.74,0.31,-0.50,9.79,-0.39,0.32,28
0.63,87.13,-2.31,0.92,-0.24,-3.21,-3.77,0.09,0.05,6.00,0.80,0.29,9.77,0.71,0.23,28
5.50,80.38,-85.56,1.04,-0.22,-3.14,-5.44,1.58,-0.37,4.17,3.50,-0.27,9.61,1.91,0.10,28
10.63,73.94,-88.13,0.39,0.12,-2.72,-5.75,0.83,-0.04,3.60,3.76,0.04,9.35,2.93,0.08,28
14.81,69.25,-88.38,0.20,0.05,-1.77,-4.72,0.51,0.90,3.99,3.91,1.60,9.11,3.60,0.09,28
17.56,66.06,-88.75,0.16,0.06,-1.40,-2.95,1.07,-1.58,6.01,5.04,-1.50,8.96,3.96,0.08,28
20.38,63.38,-88.44,-0.35,0.12,-1.85,-4.13,0.04,-2.52,4.55,4.59,-2.38,8.68,4.54,0.14,28
25.31,59.06,-87.38,-0.45,0.10,-2.08,-2.75,1.71,-0.90,5.55,6.91,-0.65,8.31,5.20,0.25,28
30.69,54.31,-86.25,-0.42,0.21,-2.17,-5.37,1.75,0.47,2.47,7.62,0.87,7.84,5.86,0.40,28
35.06,50.19,-86.00,-0.07,-0.02,-1.68,-2.70,2.80,0.11,5.10,9.24,0.17,7.43,6.38,0.43,28
38.56,46.44,-86.88,0.39,-0.12,-1.72,-1.79,3.25,-0.27,5.07,10.31,0.19,6.99,6.86,0.31,28
41.63,42.63,-88.69,0.73,-0.07,-1.64,-1.68,4.80,0.25,4.76,12.48,0.19,6.54,7.30,0.10,28
43.13,40.00,-89.88,0.50,0.30,-0.84,-1.27,5.05,0.09,6.19,12.46,0.00,6.26,7.54,0.00,28
42.94,39.00,-89.69,0.21,0.51,-0.39,2.32,6.10,-1.28,8.50,13.72,-1.25,6.17,7.62,0.03,28
43.00,37.88,-88.94,-0.02,0.51,-0.48,1.10,9.24,-0.80,7.13,16.97,-0.67,6.02,7.73,0.13,28
42.81,37.63,-88.19,-0.25,0.27,0.46,-1.39,9.27,-1.49,4.63,17.00,-1.22,6.02,7.72,0.27,28
40.69,40.00,-87.13,-0.41,-0.16,2.01,-1.47,6.16,-0.67,4.97,13.53,-0.28,6.45,7.37,0.38,28
36.63,45.06,-86.56,-0.36,-0.34,2.42,-0.75,3.29,1.08,6.35,10.03,1.49,7.10,6.74,0.40,28
32.81,49.63,-86.56,0.02,-0.21,1.60,-0.55,2.64,0.78,5.76,9.91,0.34,7.56,6.23,0.36,28
29.56,53.13,-86.69,-0.14,-0.14,1.81,-3.23,5.71,-1.38,4.76,12.01,-0.72,7.96,5.71,0.34,28
25.31,58.19,-85.19,-0.48,0.09,2.49,-2.19,5.53,0.42,4.89,10.61,-0.45,8.45,4.94,0.45,28
20.31,63.69,-83.19,-0.27,0.02,2.49,-4.03,4.77,-0.34,4.81,8.61,1.48,8.89,4.10,0.51,28
15.06,68.25,-82.00,0.77,0.20,1.74,-4.15,7.12,1.29,4.95,10.71,1.79,9.11,3.58,0.50,28
10.25,70.50,-82.63,1.12,0.04,0.64,1.89,9.08,-2.42,11.14,12.32,-2.00,9.24,3.24,0.41,28
8.75,70.44,-83.81,0.82,0.42,-0.78,-7.69,-0.13,-3.06,1.52,3.19,-2.70,9.21,3.33,0.36,28
10.63,67.44,-84.19,0.23,0.10,-1.67,-8.46,-4.21,-0.99,0.52,-0.33,-0.61,8.99,3.88,0.37,28
13.75,63.75,-85.00,0.23,0.09,-1.68,-8.33,-4.42,-0.76,0.47,-0.22,-0.46,8.72,4.46,0.37,28
17.00,60.00,-85.69,0.22,0.09,-1.70,-7.98,-5.02,-0.75,0.50,-0.13,-0.38,8.41,5.02,0.36,28
20.31,56.19,-86.25,0.22,0.09,-1.72,-7.56,-5.58,-0.73,0.58,-0.14,-0.38,8.05,5.57,0.34,28
23.63,52.31,-86.81,0.23,0.09,-1.74,-7.11,-6.12,-0.70,0.65,-0.15,-0.37,7.66,6.11,0.32,28
27.00,48.44,-87.31,0.24,0.09,-1.77,-6.67,-6.63,-0.62,0.66,-0.13,-0.32,7.22,6.62,0.29,28
30.44,44.44,-87.81,0.25,0.09,-1.80,-6.22,-7.07,-0.54,0.65,-0.08,-0.27,6.87,6.99,0.26,28
33.06,41.44,-88.19,0.27,0.09,-1.83,-5.71,-7.50,-0.46,0.64,-0.04,-0.25,6.36,7.45,0.21,28
36.63,37.31,-88.75,0.29,0.10,-1.86,-5.14,-7.83,-0.39,0.66,0.06,-0.24,5.80,7.89,0.14,28
40.25,33.13,-89.31,0.32,0.09,-1.91,-4.55,-8.09,-0.25,0.65,0.20,-0.18,5.21,8.30,0.07,28
44.00,28.88,-89.94,0.33,0.09,-1.94,-4.03,-8.20,-0.18,0.71,0.43,-0.17,4.57,8.67,-0.02,28
47.81,24.50,-90.56,0.32,0.09,-1.97,-3.32,-8.26,-0.06,0.74,0.65,-0.16,3.90,8.99,-0.11,28
55.25,21.81,-92.94,-0.18,-4.32,-0.69,34.08,22.51,-14.19,37.73,31.60,-14.65,3.65,9.09,-0.46,28
58.50,20.19,-89.44,-2.73,3.07,0.52,35.88,31.17,-10.98,39.28,40.37,-10.90,3.51,9.12,0.71,28
50.19,23.69,-78.75,-2.83,1.37,2.43,23.56,14.90,13.57,27.50,23.71,15.32,4.17,8.64,1.99,28
43.13,30.13,-72.56,-1.37,1.06,3.20,-6.46,-15.09,0.35,-1.53,-7.00,2.89,4.92,8.08,2.54,28
36.44,34.31,-71.56,1.65,0.35,1.32,-8.55,-8.46,-2.99,-3.02,-0.78,-0.43,5.53,7.68,2.55,28
35.88,34.00,-75.38,1.24,-1.08,-1.53,0.75,4.84,0.30,6.14,12.81,2.20,5.38,7.97,1.89,28
39.44,32.06,-78.88,0.34,-0.95,-0.48,1.96,2.90,-0.22,7.18,11.05,1.31,5.22,8.15,1.53,28
39.75,32.94,-79.69,-0.28,-0.46,0.45,1.55,0.38,-1.07,6.19,8.00,0.73,5.37,8.06,1.48,28
39.75,33.94,-79.00,-0.35,-0.22,0.32,-0.34,-1.06,-0.62,5.12,6.91,0.91,5.50,7.96,1.55,28
39.81,34.44,-78.94,-0.05,-0.25,0.17,0.28,-0.82,0.74,5.83,7.11,2.28,5.57,7.92,1.52,28
39.50,35.19,-79.38,0.10,-0.24,0.38,0.52,-0.11,0.68,6.18,7.76,2.15,5.69,7.85,1.44,28
38.88,36.25,-79.88,0.03,-0.34,0.45,0.02,-0.59,0.27,5.83,7.18,1.66,5.84,7.75,1.36,28
38.63,37.44,-80.56,0.04,-0.54,0.42,0.67,-0.92,0.30,6.63,6.75,1.57,5.96,7.68,1.27,28
38.50,38.25,-81.38,0.21,-0.56,0.46,1.71,-0.51,-1.63,7.83,7.07,-0.53,6.11,7.58,1.10,27
38.13,39.06,-82.63,0.29,-0.37,0.09,-0.26,-1.75,0.16,5.91,5.79,1.08,6.18,7.55,0.91,27
38.75,39.56,-84.69,0.18,-1.13,0.34,-1.71,-0.21,-0.03,4.57,7.27,0.58,6.29,7.49,0.61,27
39.44,41.13,-86.38,-0.39,-0.96,0.67,2.29,0.08,-1.47,8.72,7.05,-1.49,6.49,7.32,0.46,27
39.94,41.88,-85.31,-0.69,0.19,0.06,-1.61,-2.14,-2.62,4.93,5.13,-2.03,6.54,7.27,0.58,27
40.69,41.25,-82.94,-0.66,0.78,-0.46,2.82,-1.06,-0.41,9.29,6.24,0.48,6.46,7.31,0.90,27
41.69,38.81,-80.38,-0.25,1.08,-1.14,-0.78,-0.69,1.21,5.36,6.84,2.49,6.14,7.53,1.27,27
42.25,36.25,-79.13,0.35,0.75,-0.68,-8.63,1.78,-12.66,-2.83,9.55,-11.17,5.80,7.76,1.48,27
43.13,37.19,-80.75,-0.11,-0.89,0.62,1.78,3.15,-1.04,7.72,10.85,0.20,5.93,7.70,1.24,27
43.13,38.50,-81.19,-0.33,-0.39,0.29,2.03,1.88,-0.96,8.17,9.45,0.20,6.13,7.56,1.16,27
44.31,37.88,-81.50,0.13,-0.19,-0.93,0.82,-3.88,0.58,6.75,3.84,1.68,5.93,7.73,1.10,27
48.38,33.88,-83.56,0.67,-0.46,-2.36,-0.05,-4.77,-0.21,5.22,3.44,0.62,5.27,8.22,0.83,27
53.69,28.25,-85.88,0.82,-0.01,-2.64,1.70,-2.49,0.16,7.25,6.86,1.28,4.41,8.73,0.53,27
58.81,21.94,-88.25,1.12,0.11,-2.98,3.80,-2.56,0.45,7.48,6.52,0.72,3.67,9.08,0.26,27
64.50,15.69,-90.19,0.68,0.02,-2.58,4.29,-1.24,0.67,6.94,8.19,0.64,2.65,9.44,-0.03,27
68.31,11.69,-90.81,0.23,-0.10,-2.36,5.87,0.11,1.47,7.64,9.75,1.31,1.77,9.64,-0.16,27
73.44,6.75,-91.44,0.35,-0.08,-1.82,8.10,3.67,2.90,9.09,13.42,2.61,0.98,9.75,-0.28,27
76.63,3.75,-92.00,0.11,-0.08,-0.88,7.90,6.36,1.63,8.49,16.14,1.28,0.58,9.78,-0.35,27
76.81,3.25,-91.69,-0.30,0.27,0.11,12.08,8.46,0.79,12.67,18.24,0.54,0.59,9.78,-0.25,27
74.94,5.06,-90.63,-0.45,-0.06,1.45,9.17,11.21,3.21,9.63,20.14,4.35,1.06,9.74,-0.07,27
68.56,11.69,-89.63,-0.64,0.03,3.83,5.20,9.84,1.15,8.73,19.96,0.30,2.38,9.51,0.13,27
59.75,21.25,-88.06,-0.32,-0.09,4.04,4.62,7.83,2.48,8.17,16.97,2.79,3.86,9.00,0.28,27
53.19,26.88,-90.19,1.63,-0.09,1.67,-1.89,-5.95,0.41,2.54,2.78,0.38,4.43,8.74,-0.03,27
49.63,29.25,-93.00,1.62,-0.05,1.40,-4.96,-8.53,0.00,-0.05,-0.06,-0.58,4.90,8.46,-0.58,27
44.63,32.31,-96.81,1.62,-0.04,1.41,-5.31,-8.20,0.51,0.04,-0.06,-0.59,5.35,8.13,-1.11,27
39.31,35.38,-100.75,1.61,-0.04,1.41,-5.73,-7.74,1.04,0.05,0.00,-0.57,5.79,7.74,-1.62,27
33.63,38.44,-104.94,1.61,-0.05,1.42,-6.00,-7.38,1.38,0.07,0.03,-0.55,6.20,7.30,-2.10,28
27.63,41.44,-109.38,1.60,-0.05,1.42,-6.38,-6.85,1.83,0.07,0.10,-0.64,6.58,6.80,-2.54,28
21.31,44.31,-114.06,1.58,-0.05,1.42,-6.73,-6.28,2.27,0.13,0.13,-0.63,6.94,6.26,-2.96,28
14.63,47.06,-119.13,1.56,-0.07,1.41,-7.06,-5.67,2.60,0.12,0.15,-0.66,7.25,5.68,-3.34,28
7.69,49.63,-124.56,1.55,-0.07,1.39,-7.34,-5.05,2.94,0.13,0.17,-0.65,7.53,5.07,-3.68,28
0.50,51.94,-130.44,1.54,-0.09,1.37,-7.57,-4.44,3.22,0.14,0.14,-0.70,7.72,4.59,-3.92,28
354.88,53.50,-135.19,1.53,-0.09,1.35,-7.74,-3.76,3.43,0.18,0.17,-0.76,7.93,3.94,-4.20,28
347.13,55.31,-141.88,1.52,-0.10,1.32,-7.81,-3.06,3.65,0.29,0.20,-0.79,8.10,3.27,-4.44,28
339.25,56.75,-148.94,0.80,-0.41,1.25,-9.74,19.39,-34.81,-1.52,22.02,-39.47,8.21,2.63,-4.65,28
357.56,59.13,-134.13,-11.26,4.35,-0.41,6.56,25.18,1.52,15.09,29.15,-1.24,8.52,3.97,-2.76,28
356.69,64.94,-128.00,1.19,0.20,2.45,1.60,6.68,1.62,10.50,9.90,-0.91,8.90,3.21,-2.54,28
357.00,65.25,-126.38,-0.09,0.53,-0.28,4.25,-3.91,-1.18,13.34,0.51,-2.83,8.92,3.31,-2.36,28
355.63,67.63,-123.56,-0.46,1.07,1.24,7.52,3.72,-1.90,17.17,8.41,-4.25,9.12,3.02,-1.96,28
355.25,69.44,-119.50,-0.58,0.70,-0.26,6.77,4.54,-2.04,15.96,7.53,-3.74,9.17,3.06,-1.62,28
358.81,67.81,-113.19,-0.67,0.30,-1.28,2.53,0.00,-0.69,11.61,3.39,-2.15,9.08,3.40,-1.45,28
1.63,66.19,-109.81,-0.47,0.08,-0.84,0.92,0.47,-0.36,9.87,4.27,-1.68,8.94,3.79,-1.31,28
4.25,64.38,-108.00,-0.05,-0.26,-1.00,0.18,1.01,-0.52,8.98,5.12,-1.85,8.80,4.11,-1.33,28
7.06,61.81,-108.19,0.07,-0.53,-1.11,-0.27,-0.25,0.28,8.31,4.22,-1.20,8.59,4.48,-1.49,28
9.38,59.63,-108.94,0.10,-0.34,-0.67,1.69,0.52,-0.07,10.87,5.87,-1.83,8.43,4.73,-1.63,28
11.38,57.81,-108.88,-0.01,-0.19,-1.03,4.66,1.80,-0.45,13.34,7.06,-2.20,8.23,5.04,-1.70,28
15.00,54.56,-107.56,-0.10,-0.09,-1.72,6.38,2.21,-1.31,14.26,7.70,-2.78,7.89,5.55,-1.72,28
19.75,50.38,-106.25,-0.06,-0.26,-1.99,6.77,3.37,-2.27,14.38,9.86,-4.40,7.43,6.14,-1.77,28
25.19,45.69,-105.56,-0.07,-0.43,-2.24,7.87,5.12,-1.21,14.89,11.72,-3.05,6.85,6.75,-1.86,28
31.88,40.38,-104.69,-0.41,-0.43,-2.26,6.47,1.87,0.86,12.83,9.09,-1.04,6.35,7.22,-1.90,28
36.38,36.81,-103.75,-0.37,-0.26,-2.10,6.65,0.47,0.21,12.37,8.22,-1.63,5.72,7.74,-1.85,28
42.25,32.13,-102.50,-0.47,-0.26,-2.20,5.74,0.53,2.86,10.78,8.76,1.09,5.03,8.22,-1.77,28
48.69,27.00,-101.13,-0.50,-0.44,-2.37,4.84,-2.81,0.95,9.09,5.86,-0.71,4.25,8.67,-1.66,28
55.88,21.56,-100.19,-0.42,-0.72,-2.39,3.39,-4.91,2.16,6.36,3.25,0.93,3.39,9.05,-1.61,28
64.63,16.00,-100.56,0.19,-1.49,-2.35,2.23,-6.06,3.20,5.35,3.80,0.87,2.46,9.32,-1.80,28
74.63,9.88,-101.81,0.21,-1.59,-2.52,4.88,-5.87,2.29,6.53,3.59,0.64,1.42,9.49,-2.00,28
84.06,3.44,-102.00,0.02,-0.89,-2.88,4.02,-6.43,2.38,3.32,2.17,0.09,0.30,9.58,-2.05,28
93.00,-3.00,-102.38,0.21,-0.78,-2.70,2.54,-9.00,1.23,2.03,0.56,-0.86,-0.51,9.56,-2.10,28
100.06,-9.00,-102.06,-0.41,-0.23,-2.81,2.04,-10.65,-0.81,0.50,-1.18,-2.84,-1.54,9.46,-2.02,28
105.44,-14.38,-101.13,-0.90,0.30,-3.79,0.12,-7.35,1.25,-2.65,1.88,-0.50,-2.77,9.24,-1.76,28
112.44,-22.75,-100.56,-0.35,0.48,-3.79,-0.40,-7.46,-0.53,-4.51,1.28,-2.17,-4.10,8.75,-1.64,28
119.75,-30.44,-100.88,-0.18,-0.21,-3.17,-0.05,-7.29,-1.09,-5.28,0.85,-2.66,-5.22,8.14,-1.57,28
126.69,-36.94,-100.94,0.03,-0.44,-2.56,0.91,-5.76,0.05,-5.17,1.78,-1.41,-6.08,7.54,-1.47,28
134.06,-42.75,-101.25,0.22,-0.59,-2.68,0.07,-3.92,2.85,-6.78,2.94,1.46,-6.86,6.86,-1.39,28
142.44,-49.38,-102.44,0.41,-0.49,-2.96,-1.54,-4.88,1.73,-9.17,1.13,0.36,-7.62,6.01,-1.36,28
149.94,-55.56,-103.75,0.23,-0.33,-2.65,-3.10,-4.58,0.33,-11.32,0.59,-0.97,-8.22,5.18,-1.30,28
155.88,-60.75,-105.50,0.02,-0.13,-2.23,-2.46,-4.07,0.89,-11.08,0.83,0.35,-8.65,4.43,-1.26,28
160.31,-65.31,-107.81,-0.19,0.08,-2.13,-3.11,-2.76,1.13,-12.02,1.12,-0.12,-8.91,3.89,-1.25,28
164.25,-69.56,-111.88,-0.27,0.15,-2.03,-5.32,-1.77,-0.25,-14.51,1.39,-1.53,-9.24,3.00,-1.27,28
167.69,-73.25,-116.25,-0.25,-0.14,-1.67,-10.23,-1.40,-0.75,-19.62,1.11,-2.00,-9.43,2.39,-1.21,28
169.63,-75.75,-117.00,-0.31,-0.41,-0.59,-15.20,-1.13,-0.25,-25.04,0.86,-1.12,-9.51,2.13,-1.05,28
167.31,-74.63,-111.63,-0.44,-0.14,1.53,-13.56,-2.23,0.97,-23.02,0.17,0.01,-9.45,2.41,-0.95,28
160.13,-68.88,-106.06,-0.49,0.39,3.17,-8.04,-3.74,0.37,-17.19,-0.35,-0.59,-9.14,3.39,-0.97,28
153.44,-63.38,-103.69,-0.48,0.20,3.10,-7.29,-3.79,-2.05,-15.92,0.74,-3.09,-8.63,4.53,-1.04,28
146.56,-57.19,-98.81,-0.34,-1.49,3.01,-9.73,-6.75,1.78,-17.84,-1.27,1.10,-8.10,5.48,-0.68,28
140.81,-50.00,-92.63,0.10,-1.12,3.95,-9.08,-9.02,4.27,-16.35,-2.44,4.05,-7.27,6.57,-0.21,28
132.50,-41.19,-92.31,0.17,1.66,4.20,-9.03,-14.15,-0.36,-15.19,-6.52,-0.78,-6.15,7.62,-0.41,28
117.56,-30.69,-95.94,-0.01,3.33,4.96,-6.51,-12.40,3.50,-11.05,-3.77,2.44,-4.54,8.62,-1.05,28
98.88,-17.69,-99.63,0.71,2.62,5.40,3.10,-10.89,1.33,0.61,-1.55,-0.34,-2.48,9.33,-1.67,28
82.81,-6.00,-100.75,0.18,1.88,4.94,1.33,-10.16,1.80,0.80,-0.54,-0.04,-0.53,9.61,-1.85,28
66.88,5.44,-101.19,0.19,1.87,4.90,-0.09,-10.34,1.80,0.79,-0.71,-0.08,1.42,9.51,-1.89,28
50.94,16.94,-101.25,0.19,1.88,4.88,-2.05,-9.92,1.82,0.80,-0.72,-0.01,2.85,9.19,-1.83,28
35.38,28.31,-100.81,0.19,1.89,4.85,-3.77,-9.30,1.72,0.87,-0.83,0.09,4.65,8.47,-1.62,28
20.31,39.63,-99.69,0.19,1.90,4.83,-5.32,-8.31,1.35,0.93,-0.87,0.07,6.25,7.44,-1.27,28
6.06,50.81,-97.50,0.18,1.90,4.80,-6.55,-7.09,0.88,1.05,-0.95,0.07,7.60,6.13,-0.81,28
355.94,59.06,-94.50,0.18,1.89,4.77,-7.58,-5.75,0.36,1.05,-1.13,0.11,8.64,4.62,-0.25,28
343.19,69.69,-86.31,0.17,1.88,4.75,-8.23,-4.25,-0.17,1.10,-1.28,0.20,9.33,2.96,0.37,28
331.31,78.88,-61.88,0.16,1.88,4.73,-8.58,-2.67,-0.74,1.08,-1.45,0.31,9.67,1.22,1.06,28
320.25,80.63,3.88,0.15,1.90,4.74,-8.65,-0.98,-1.31,0.97,-1.53,0.45,9.63,-0.54,1.76,28
309.81,72.44,38.69,0.17,1.93,4.74,-8.40,0.27,-1.72,20.40,-19.36,19.92,9.18,-2.30,2.56,28
290.94,52.06,31.94,9.77,11.00,7.06,5.19,-17.66,11.42,12.93,-20.85,16.53,7.73,-3.19,5.11,28
276.19,19.19,24.69,2.92,11.14,7.30,11.89,-12.42,3.17,15.12,-16.29,11.58,2.23,-3.74,8.78,28
274.75,5.69,18.81,1.86,1.41,-0.72,-13.45,-9.49,5.96,-12.48,-12.65,15.19,1.15,-2.97,9.27,28
274.81,15.25,13.94,2.53,-5.77,-0.94,-10.20,-0.87,15.86,-3.87,-3.77,24.10,3.09,-2.04,9.07,28
274.38,25.13,9.00,2.00,-3.07,-0.45,-2.72,-0.99,16.85,1.44,-2.39,25.62,4.17,-1.39,8.76,28
273.25,25.94,5.63,1.38,0.92,0.27,-4.24,0.82,15.83,0.04,-0.04,24.61,4.29,-0.87,8.77,28
272.88,23.19,4.25,0.57,1.88,0.04,-2.81,-0.08,8.30,0.87,-0.71,17.36,3.69,-0.63,9.06,28
273.38,18.19,3.38,0.08,2.56,-0.32,1.28,-0.32,-2.40,4.10,-0.88,6.96,2.81,-0.55,9.37,28
274.00,11.88,4.31,-0.90,2.90,0.15,3.68,1.94,-6.09,5.84,1.43,2.33,1.75,-0.82,9.61,28
274.25,5.50,6.81,-1.21,2.87,-0.08,1.85,3.18,-8.08,2.80,2.02,1.60,0.95,-1.16,9.69,28
275.94,-0.81,9.63,-1.39,3.09,-0.83,6.10,1.81,-8.89,5.96,0.17,0.76,-0.13,-1.64,9.66,28
279.63,-6.94,13.44,-1.58,3.12,-1.60,2.32,0.96,-8.13,1.13,-1.29,1.33,-1.19,-2.26,9.46,28
282.56,-12.81,16.81,-0.89,2.90,-0.38,-0.76,0.81,-6.29,-2.94,-1.96,2.85,-2.17,-2.77,9.15,28
282.19,-17.31,17.25,0.67,1.73,1.15,-10.35,-1.19,3.13,-13.46,-3.88,12.04,-3.10,-2.68,8.90,28
280.75,-18.63,14.13,0.21,-0.51,0.59,-10.65,0.10,1.92,-13.76,-2.13,10.95,-3.11,-2.23,9.02,28
279.63,-20.25,13.44,0.42,1.85,0.64,-8.70,-0.08,8.63,-12.31,-2.14,17.51,-3.61,-2.06,8.87,28
279.13,-26.25,11.50,0.97,2.75,0.72,-7.95,-0.88,6.61,-12.53,-2.52,15.12,-4.58,-1.63,8.51,28
278.50,-33.13,8.75,1.04,3.25,0.81,-6.60,-1.75,7.46,-11.34,-1.69,12.98,-5.64,-1.12,7.93,28
277.69,-42.13,5.81,0.79,4.43,0.89,-5.24,-0.42,2.98,-11.82,-1.16,10.21,-6.91,-0.64,6.92,28
276.94,-53.81,4.06,0.36,5.64,0.61,-2.49,-0.64,1.84,-10.41,-1.05,7.61,-8.22,-0.35,5.32,28
277.25,-66.63,2.75,0.83,5.70,0.21,-0.89,0.30,2.41,-9.90,0.11,6.30,-9.20,-0.14,3.39,28
279.06,-78.88,2.06,1.09,5.41,-0.06,-0.04,0.73,0.82,-9.66,0.66,2.71,-9.70,-0.06,1.39,28
281.50,-89.25,179.25,0.81,4.89,-0.38,0.33,0.87,2.30,-9.47,0.75,2.27,-9.80,-0.11,-0.02,28
283.88,-82.06,167.94,0.77,4.32,-0.61,0.93,0.19,2.37,-8.71,-0.15,0.64,-9.64,-0.35,-1.72,28
287.44,-72.63,169.31,0.53,4.05,-0.47,0.97,0.46,3.18,-8.27,-0.13,-0.02,-9.24,-0.59,-3.21,28
291.38,-64.19,169.06,0.63,3.70,-0.57,1.34,0.00,4.59,-7.32,-0.87,0.09,-8.67,-0.88,-4.49,28
296.50,-55.69,168.44,0.52,3.92,-0.59,1.85,0.94,3.83,-6.83,-0.88,-0.59,-7.88,-1.17,-5.71,28
302.50,-46.94,168.00,0.32,3.75,-0.70,3.19,-0.28,4.84,-3.97,-1.67,-1.70,-7.16,-1.38,-6.54,28
279.69,-39.00,167.56,0.06,3.32,-0.77,5.18,2.58,4.16,-0.98,0.94,-3.27,-6.17,-1.63,-7.43,28
278.19,-32.06,167.63,-0.23,2.76,-0.87,5.21,1.21,5.62,0.00,-0.55,-2.49,-5.00,-1.80,-8.24,28
276.75,-26.44,167.75,-0.34,2.39,-0.95,5.25,1.30,2.40,0.88,-0.55,-6.17,-4.14,-1.86,-8.68,28
275.19,-20.31,168.13,-0.23,2.79,-0.87,6.31,1.50,0.81,2.90,-0.38,-8.18,-3.40,-1.89,-8.99,28
274.25,-15.31,168.31,-0.17,2.80,-0.74,6.68,1.11,-0.60,4.34,-0.79,-9.94,-2.33,-1.90,-9.33,28
273.38,-9.31,168.63,-0.10,2.27,-0.51,6.16,1.11,-0.37,4.78,-0.79,-9.89,-1.37,-1.90,-9.52,28
273.31,-4.81,168.81,-0.13,1.44,-0.33,6.78,0.83,-1.47,6.09,-1.04,-11.07,-0.69,-1.87,-9.60,28
273.63,-2.19,169.00,0.02,0.93,-0.02,7.08,0.66,-2.05,6.78,-1.21,-11.67,-0.30,-1.87,-9.62,28
274.00,-0.88,168.88,-0.06,0.44,0.07,7.75,0.69,-3.22,7.74,-1.26,-12.97,-0.12,-1.86,-9.62,28
274.13,-0.06,169.81,-0.62,0.41,-0.37,10.90,1.13,-5.22,12.32,-0.39,-16.85,0.05,-1.65,-9.66,28
273.75,3.50,171.94,-1.22,2.28,-0.32,19.48,2.51,-14.41,21.29,0.79,-24.83,0.81,-1.19,-9.69,28
272.88,6.06,176.63,-2.08,-0.36,-0.99,27.82,-0.01,-12.82,30.21,1.96,-22.68,0.89,-0.34,-9.75,28
268.69,0.19,-177.88,-1.90,-3.30,-2.58,17.76,4.57,15.97,17.80,4.93,6.17,-0.29,0.39,-9.79,28
264.56,-7.75,178.25,3.37,-3.39,-1.07,4.47,-0.44,16.96,3.14,-0.73,7.25,-1.32,-0.29,-9.71,28
264.88,-13.06,169.19,4.04,-2.26,0.01,1.65,1.18,8.82,-0.57,-0.60,-0.55,-2.22,-1.78,-9.38,28
265.44,-17.94,159.88,4.01,-2.26,0.01,2.47,2.60,8.32,-0.54,-0.60,-0.43,-3.02,-3.20,-8.76,28
266.06,-22.50,150.25,4.00,-2.28,0.02,3.15,3.91,7.50,-0.59,-0.58,-0.36,-3.75,-4.49,-7.86,28
266.56,-25.69,142.69,4.00,-2.29,0.04,3.77,4.98,6.36,-0.63,-0.63,-0.35,-4.41,-5.61,-6.71,28
12.63,-29.50,132.06,3.99,-2.29,0.05,4.30,5.88,5.03,-0.65,-0.66,-0.32,-4.95,-6.54,-5.36,28
14.75,-32.63,120.75,3.99,-2.30,0.06,4.67,6.55,3.50,-0.70,-0.69,-0.33,-5.38,-7.24,-3.83,28
16.31,-34.94,108.88,3.99,-2.28,0.08,4.95,6.95,1.93,-0.72,-0.73,-0.24,-5.67,-7.69,-2.18,28
17.50,-36.19,96.50,3.99,-2.27,0.09,5.06,7.10,0.74,-0.77,-0.77,-0.13,-5.81,-7.87,-0.47,28
18.56,-36.50,84.00,3.99,-2.24,0.11,5.03,7.10,-0.91,-0.79,-0.73,-0.09,-5.83,-7.84,0.81,28
19.44,-35.69,71.63,3.99,-2.20,0.13,4.92,6.82,-2.50,-0.80,-0.73,0.00,-5.72,-7.55,2.50,28
20.31,-34.44,59.38,4.60,-1.45,0.64,-33.61,15.43,33.53,-39.16,8.47,37.65,-5.55,-6.95,4.11,28
13.88,-43.56,33.19,4.51,-3.54,5.31,7.48,-7.47,9.74,0.72,-11.37,15.68,-6.76,-3.89,5.94,28
12.13,-43.00,20.06,4.01,-1.67,2.10,0.58,3.09,-5.48,-6.10,0.63,1.24,-6.69,-2.46,6.73,28
12.38,-40.13,15.06,0.89,-1.83,-0.54,-2.33,-0.54,7.02,-8.51,-2.46,14.38,-6.18,-1.92,7.36,28
13.75,-36.44,13.69,0.75,-1.31,-0.32,-4.39,-4.93,5.69,-10.14,-6.72,13.43,-5.74,-1.79,7.74,28
13.19,-34.81,9.56,1.53,-0.54,1.10,0.50,-1.66,-1.52,-5.08,-2.81,6.43,-5.59,-1.15,7.96,28
10.50,-35.19,4.56,0.82,0.23,1.65,1.55,-0.83,-3.27,-4.34,-0.65,5.19,-5.69,-0.50,7.96,28
7.56,-36.50,1.69,0.06,0.66,1.30,2.35,-0.01,-1.13,-3.48,-0.25,6.73,-5.89,-0.16,7.83,28
5.19,-38.56,-0.38,0.20,1.02,0.99,2.04,0.41,-1.49,-4.07,0.47,6.17,-6.19,0.13,7.60,28
3.75,-40.75,-2.56,0.30,1.03,0.57,1.41,-0.50,-2.98,-4.99,-0.16,4.42,-6.48,0.37,7.34,28
2.69,-43.88,-4.38,0.36,1.73,0.63,-0.82,-1.80,5.65,-7.63,-1.26,12.69,-6.80,0.54,7.04,28
0.81,-49.31,-8.69,0.69,3.12,1.17,-3.48,-3.79,5.15,-10.92,-2.82,11.46,-7.44,0.96,6.31,28
358.44,-53.56,-14.25,0.51,1.22,1.45,-6.14,-5.23,0.00,-14.08,-3.65,5.54,-7.93,1.57,5.53,28
355.50,-54.69,-20.88,0.64,1.17,1.68,-4.30,-5.87,2.45,-12.34,-3.66,7.61,-8.04,2.20,5.16,28
351.06,-56.06,-31.63,0.97,1.98,2.49,-4.72,-4.20,0.84,-12.86,-1.06,5.31,-8.14,3.13,4.46,28
343.56,-55.19,-46.63,0.77,2.41,3.68,-2.98,-4.23,0.30,-10.97,0.14,3.92,-7.99,4.38,3.61,28
334.13,-51.38,-60.38,0.56,2.11,3.86,-1.75,-4.76,1.27,-8.55,0.48,3.93,-7.51,5.61,2.83,28
324.13,-45.25,-69.94,0.42,1.64,3.92,-2.17,-3.67,-0.77,-8.85,2.22,1.72,-6.74,6.75,2.24,28
314.56,-37.88,-75.31,0.41,0.97,3.83,-1.59,-4.81,-1.46,-7.27,2.76,0.19,-5.75,7.71,1.88,28
305.38,-30.00,-78.38,0.28,0.55,3.71,-1.36,-4.52,-3.13,-5.88,3.92,-1.63,-4.62,8.48,1.66,28
297.88,-22.75,-80.13,0.41,0.11,3.24,0.31,-4.58,-1.77,-3.47,4.32,-0.23,-3.51,9.02,1.50,28
291.00,-16.00,-81.56,0.44,0.15,2.98,0.30,-5.40,-2.57,-2.40,3.91,-1.19,-2.70,9.32,1.37,28
286.25,-11.31,-82.50,0.39,0.03,2.72,-0.37,-5.18,-1.90,-2.05,4.39,-0.69,-1.67,9.58,1.21,28
280.50,-5.31,-83.31,0.23,-0.20,2.84,-0.79,-5.42,-1.96,-1.43,4.29,-0.85,-0.64,9.72,1.11,28
274.31,1.13,-83.69,0.09,-0.08,2.97,-0.87,-6.36,-1.84,-0.39,3.36,-0.77,0.47,9.73,1.06,28
267.75,7.69,-83.75,-0.01,0.10,3.09,-1.66,-6.65,-0.93,-0.05,2.96,0.12,1.60,9.61,1.05,28
260.25,14.88,-83.50,0.02,0.15,3.45,-1.52,-6.97,-1.38,1.31,2.34,-0.31,2.84,9.32,1.06,28
251.75,23.06,-83.19,0.04,0.06,3.86,-0.58,-6.45,-1.64,3.59,2.34,-0.58,4.17,8.80,1.06,28
243.06,31.56,-82.75,0.07,-0.01,3.88,-0.05,-5.70,-1.26,5.39,2.38,-0.22,5.45,8.08,1.04,28
234.19,40.44,-82.44,0.20,-0.19,4.08,0.86,-5.20,-1.45,8.48,2.21,-0.54,6.65,7.14,0.95,28
225.13,49.44,-82.31,0.31,-0.24,4.00,3.29,-3.58,-1.15,10.74,2.72,-0.31,7.45,6.31,0.84,28
218.69,55.63,-82.38,0.34,-0.19,3.40,4.39,-2.55,-0.69,12.67,2.66,0.00,8.27,5.21,0.69,28
211.25,62.69,-81.50,0.15,0.14,2.95,5.06,-1.50,-0.57,13.89,2.69,0.09,8.83,4.19,0.66,28
204.56,68.88,-78.31,0.06,0.22,2.65,7.77,0.85,-1.36,17.00,4.07,-0.63,9.23,3.22,0.73,28
198.88,74.06,-73.50,0.08,0.09,2.29,10.98,3.27,-2.02,21.63,6.17,-1.01,9.48,2.38,0.75,28
194.88,77.69,-70.38,0.23,-0.20,1.16,14.70,5.99,-0.98,24.75,8.13,-0.33,9.59,1.90,0.68,28
194.63,77.38,-71.19,0.25,0.21,-0.99,14.95,4.87,-1.51,24.02,6.57,-0.97,9.53,2.17,0.71,28
199.69,71.88,-74.31,0.08,0.43,-3.32,11.93,1.30,-1.77,20.65,3.25,-0.93,9.20,3.27,0.85,28
208.69,62.69,-78.69,0.12,-0.10,-4.52,10.14,-3.49,-1.74,18.86,0.90,-0.86,8.51,4.78,0.83,28
219.63,52.75,-85.25,0.47,-1.58,-4.78,11.83,-4.79,-0.24,19.64,1.11,0.24,7.81,5.90,0.48,28
229.31,44.44,-90.19,0.82,-1.72,-5.28,10.94,-7.97,1.19,17.44,-0.63,1.00,6.50,7.33,-0.19,28
242.31,32.38,-93.81,0.41,-0.09,-5.60,11.71,-13.06,-2.15,16.50,-4.53,-2.75,4.79,8.53,-0.59,28
253.94,19.50,-92.19,-1.37,1.85,-6.58,15.91,-10.55,-3.19,18.60,-1.12,-3.38,2.68,9.42,-0.18,28
265.31,3.94,-87.25,-2.38,2.55,-7.64,12.03,-12.62,-4.14,11.97,-2.84,-3.44,-0.05,9.78,0.70,28
278.13,-13.56,-81.13,-3.23,0.46,-7.71,5.53,-11.72,-2.11,2.52,-2.55,-0.36,-3.00,9.17,1.74,28
292.88,-30.06,-72.44,-3.12,-0.15,-7.66,5.96,-10.53,-3.91,0.46,-2.90,-1.11,-5.49,7.62,2.79,28
306.75,-45.50,-60.06,-3.04,-0.06,-7.63,7.85,-8.27,-4.70,0.44,-2.95,-1.11,-7.41,5.31,3.58,28
319.88,-58.50,-39.25,-2.96,0.02,-7.61,8.81,-6.24,-5.12,0.49,-3.03,-1.20,-8.57,2.50,4.03,28
332.63,-65.00,-3.13,-2.89,0.10,-7.57,9.47,-3.15,-5.44,0.58,-2.92,-1.30,-8.88,-0.53,4.11,28
345.38,-60.44,35.25,-2.84,0.15,-7.55,9.22,-0.13,-5.32,0.69,-2.93,-1.38,-8.30,-3.51,3.84,28
358.50,-48.38,58.13,-2.81,0.18,-7.53,8.22,2.61,-4.80,0.95,-2.88,-1.35,-6.91,-6.14,3.26,28
12.38,-33.44,70.94,-2.76,0.21,-7.53,6.63,4.86,-4.07,1.28,-2.88,-1.42,-4.83,-8.17,2.44,28
27.31,-17.44,79.31,-2.69,0.27,-7.54,4.58,6.32,-3.13,1.64,-2.86,-1.40,-2.94,-9.19,1.72,28
39.50,-5.06,84.25,-2.64,0.31,-7.57,2.15,6.95,-2.19,1.99,-2.82,-1.47,-0.16,-9.77,0.72,28
57.81,12.00,90.63,-3.66,0.33,-8.29,36.01,-28.86,-38.61,39.28,-38.06,-39.47,3.26,-9.20,-0.86,28
106.06,42.19,122.63,-10.78,-4.85,-13.69,13.84,-26.37,5.85,20.94,-31.13,1.04,7.10,-4.75,-4.81,28
161.44,49.06,168.75,-11.47,-1.18,-5.40,7.35,5.09,-6.28,14.77,4.88,-12.69,7.41,-0.21,-6.41,28
224.31,46.38,-158.31,-10.93,-1.83,-2.15,-24.64,37.16,31.00,-17.67,40.24,24.83,6.97,3.08,-6.16,28
224.38,47.94,-160.31,4.19,0.98,3.06,-1.55,3.19,-2.94,5.85,4.93,-9.12,7.41,1.74,-6.17,28
198.94,51.13,-174.38,3.82,0.56,1.27,1.52,0.47,-3.10,9.36,1.15,-9.57,7.64,0.34,-6.13,28
188.25,49.75,179.88,1.23,-1.23,-0.36,-1.25,3.89,1.10,4.02,2.40,-5.32,7.39,-0.01,-6.44,28
188.25,46.13,-179.31,-0.12,-1.49,-0.59,-2.20,1.06,1.83,4.87,1.14,-4.95,7.00,0.14,-6.86,28
186.13,43.88,-177.13,-0.63,-1.35,-0.40,-2.33,-0.36,-2.77,4.46,-0.01,-9.83,6.79,0.34,-7.06,28
188.88,37.94,-178.44,-0.25,-3.24,1.77,-0.31,1.70,0.47,5.71,1.90,-7.25,6.03,0.20,-7.72,28
193.38,30.25,178.56,0.18,-3.47,2.14,-1.24,4.33,4.02,3.69,4.12,-4.44,4.94,-0.21,-8.46,28
196.63,25.25,176.06,0.56,-2.30,1.83,1.88,3.87,-0.92,5.86,3.14,-9.85,3.98,-0.72,-8.93,28
200.13,19.44,173.81,0.22,-2.56,0.91,-0.56,-5.47,-6.36,2.46,-6.51,-15.63,3.03,-1.04,-9.26,28
200.06,15.38,173.75,-0.06,-1.48,-0.29,1.08,5.07,-3.02,3.53,4.05,-12.46,2.44,-1.01,-9.44,28
199.63,10.63,173.88,-0.01,-2.51,-0.02,3.10,4.74,-4.57,4.68,3.74,-14.19,1.58,-0.99,-9.62,28
199.13,6.44,176.19,-1.68,-1.35,-0.31,-1.20,10.64,-6.85,-0.20,10.19,-16.60,0.99,-0.45,-9.74,28
198.88,3.75,-178.88,-2.39,-1.20,-0.36,1.19,6.87,-10.89,1.31,7.66,-21.82,0.54,0.45,-9.78,28
196.75,1.88,-170.81,-4.51,-0.44,-1.26,-0.49,5.02,-13.47,-0.17,6.58,-23.14,0.26,2.03,-9.59,28
194.63,-0.63,-158.56,-5.92,-1.41,-1.02,2.69,1.34,-10.09,2.95,5.06,-18.13,-0.29,4.11,-8.89,28
193.56,-4.88,-144.81,-6.22,-1.65,-0.63,0.89,2.17,-7.76,-1.04,7.98,-15.17,-0.97,6.08,-7.62,28
31.19,-7.00,-131.19,-6.15,-0.71,-0.30,-0.72,-1.66,-6.45,-1.39,4.86,-12.82,-1.26,7.69,-5.94,28
30.81,-8.38,-116.94,-6.34,-0.68,-0.13,-1.46,-4.64,-7.12,-2.90,4.00,-11.52,-1.45,8.89,-3.85,28
26.94,-8.06,-102.44,-6.89,0.46,0.42,-1.13,-4.83,-6.69,-2.51,4.64,-8.79,-1.38,9.47,-2.09,28
22.94,-6.75,-86.56,-7.28,-0.12,0.71,-1.81,-9.50,-5.12,-2.97,0.21,-4.54,-1.15,9.72,0.58,28
19.81,-3.94,-70.38,-7.16,-0.85,1.32,1.55,-6.65,-6.34,0.87,2.56,-3.07,-0.67,9.21,3.27,28
19.44,-1.19,-55.44,-6.38,-1.03,0.54,-1.38,-6.76,-7.30,-1.59,1.31,-1.74,-0.20,8.07,5.55,28
18.38,0.75,-42.63,-5.45,-0.39,0.79,2.33,-8.24,-7.71,2.46,-1.59,-0.50,0.12,6.64,7.20,28
17.69,1.44,-34.13,-4.63,0.20,0.76,-1.99,-6.10,-6.67,-1.72,-0.97,1.67,0.27,5.12,8.35,28
15.06,2.38,-25.31,-3.24,0.11,1.59,0.60,-5.48,-7.21,1.06,-1.54,1.76,0.46,3.93,8.97,28
11.75,3.44,-18.94,-2.77,0.09,1.35,-0.13,-4.79,-7.24,0.48,-1.87,2.10,0.61,2.91,9.34,28
9.56,3.81,-11.63,-3.74,0.21,1.11,-0.85,-7.96,-3.48,1.28,-3.84,6.56,0.64,1.57,9.65,28
7.31,3.13,-1.75,-4.42,0.46,0.86,-0.98,-6.98,-4.38,-0.45,-6.67,5.40,0.53,0.30,9.78,28
6.75,2.44,7.69,-4.22,0.25,0.16,-0.56,-7.48,-3.16,-0.14,-8.80,6.54,0.41,-1.31,9.70,28
7.25,1.94,17.00,-4.05,0.19,-0.37,0.11,-9.63,-0.41,0.45,-12.50,8.95,0.34,-2.87,9.36,28
9.06,2.19,23.56,-2.27,0.15,-0.76,0.24,-12.35,1.36,0.62,-16.28,10.34,0.38,-3.92,8.97,28
9.94,2.31,26.31,-1.37,-0.04,0.03,0.48,-14.66,-0.75,0.88,-19.12,7.96,0.40,-4.46,8.72,28
9.69,1.94,29.44,-1.41,0.09,1.03,-0.92,-18.79,2.06,-0.66,-23.71,10.54,0.26,-4.92,8.47,28
7.00,-0.13,30.38,0.53,0.52,1.20,-0.41,-24.09,1.18,-0.55,-28.95,9.70,-0.14,-4.85,8.51,28
5.31,-2.44,24.75,3.89,0.32,0.82,-1.10,-27.17,-1.69,-1.55,-30.86,7.38,-0.45,-3.69,9.07,28
5.06,-2.44,12.94,5.42,-0.27,-0.24,1.30,-22.45,-13.64,0.17,-22.02,-7.14,-0.37,-1.75,9.64,28
8.25,-2.00,6.19,1.21,0.39,-2.20,0.96,-6.64,-20.69,0.62,-7.71,-10.95,-0.37,-1.06,9.74,28
14.25,-3.38,7.44,-0.64,1.13,-2.67,0.84,1.40,-10.08,0.26,0.13,-0.37,-0.58,-1.27,9.70,28
20.25,-5.06,9.25,-0.60,1.16,-2.63,0.73,1.75,-9.82,-0.12,0.17,-0.18,-0.93,-1.65,9.62,28
26.19,-6.56,11.13,-0.55,1.20,-2.60,0.89,2.05,-9.72,-0.23,0.17,-0.16,-1.12,-1.88,9.55,28
32.13,-8.00,13.06,-0.49,1.22,-2.56,0.97,2.32,-9.57,-0.39,0.12,-0.12,-1.37,-2.20,9.45,28
36.50,-9.00,14.56,-0.43,1.26,-2.51,1.04,2.60,-9.47,-0.54,0.09,-0.13,-1.59,-2.51,9.34,28
42.38,-10.25,16.50,-0.40,1.30,-2.48,1.17,2.91,-9.34,-0.62,0.09,-0.13,-1.80,-2.82,9.21,28
48.25,-11.44,18.50,-0.36,1.35,-2.44,1.42,3.20,-9.23,-0.56,0.07,-0.16,-1.99,-3.13,9.07,28
54.06,-12.56,20.56,-0.32,1.41,-2.40,1.59,3.43,-9.01,-0.53,0.02,-0.07,-2.17,-3.43,8.92,28
59.88,-13.56,22.63,-0.27,1.46,-2.35,1.78,3.63,-8.82,-0.52,-0.03,-0.02,-2.34,-3.74,8.75,28
65.63,-14.50,24.69,-0.23,1.49,-2.30,1.88,3.90,-8.63,-0.57,-0.05,-0.01,-2.49,-4.03,8.58,28
65.44,-15.00,21.63,3.19,0.11,3.19,-9.88,-16.09,24.99,16.20,-17.19,2.60,-2.80,-3.25,8.81,28
60.88,-17.69,19.00,-0.41,0.11,1.40,12.03,-3.62,-3.28,-5.28,-5.41,12.76,-3.14,-3.03,8.77,28
56.25,-23.38,15.56,1.75,2.47,3.29,-1.37,-1.30,2.48,-5.27,-3.72,11.15,-3.89,-2.41,8.66,28
50.00,-30.81,7.50,2.36,2.80,3.72,-4.58,4.87,1.54,-9.61,3.77,9.88,-5.03,-1.10,8.34,28
45.63,-35.50,-0.56,2.69,2.12,2.98,-9.41,7.44,2.62,-15.26,7.89,10.48,-5.85,0.45,7.85,28
41.94,-38.25,-9.44,1.22,0.33,1.49,-9.34,5.92,2.09,-15.42,7.36,9.65,-6.08,1.43,7.55,28
40.06,-37.94,-13.94,1.10,-0.01,0.99,-4.21,6.21,0.69,-10.24,8.22,8.16,-6.02,2.01,7.47,28
39.56,-38.25,-19.06,1.99,0.57,0.60,-2.58,5.96,-2.89,-8.17,7.79,2.79,-6.10,2.69,7.18,28
40.88,-38.81,-23.94,1.85,0.05,-0.24,-1.05,3.60,-3.74,-6.81,6.29,4.01,-6.15,3.18,6.93,28
43.56,-38.69,-25.75,1.13,-0.60,-0.78,1.86,2.58,-0.85,-3.88,5.95,6.25,-6.11,3.34,6.90,28
46.38,-38.13,-25.44,0.53,-0.67,-0.87,2.89,1.23,-0.10,-3.14,4.35,6.74,-6.04,3.29,6.98,28
48.75,-37.94,-24.94,0.49,-0.31,-0.75,1.62,0.78,-0.69,-4.40,4.04,6.31,-6.03,3.26,7.00,28
50.56,-38.38,-24.94,0.43,-0.02,-0.55,1.28,0.16,-1.57,-4.80,3.41,5.39,-6.08,3.24,6.96,28
51.50,-38.69,-24.63,-0.05,-0.03,-0.46,0.86,0.56,-2.34,-5.28,3.73,4.61,-6.14,3.16,6.95,28
52.38,-39.06,-23.63,-0.19,0.07,-0.43,0.61,0.79,-3.31,-5.59,3.80,3.65,-6.20,3.01,6.96,28
53.00,-39.75,-22.38,-0.45,0.08,-0.38,3.01,-0.30,-5.79,-4.11,3.06,1.56,-6.26,2.82,6.99,28
53.44,-39.13,-19.94,-0.84,-0.75,-0.51,3.09,-1.09,-6.22,-3.09,1.50,0.92,-6.13,2.50,7.23,28
53.94,-36.63,-16.13,-1.14,-1.52,-0.43,5.53,-0.31,-5.74,-0.31,1.87,1.80,-5.85,2.19,7.55,28
54.63,-33.38,-12.25,-1.23,-1.70,-0.44,0.79,-1.07,-4.39,-4.60,0.66,3.59,-5.40,1.74,7.99,28
53.75,-28.75,-8.38,-1.90,-2.29,0.34,4.80,-3.42,-5.53,0.08,-2.16,2.96,-4.72,1.25,8.50,28
51.94,-24.44,-1.63,-3.59,-1.87,0.26,5.07,-4.94,-2.83,1.01,-4.68,6.08,-4.06,0.26,8.92,28
50.00,-21.56,4.13,-3.35,-1.39,0.47,6.12,-6.57,1.70,2.63,-7.51,10.82,-3.49,-0.93,9.11,28
47.31,-19.56,9.88,-2.41,-0.49,0.71,7.40,-8.85,7.86,4.11,-10.61,16.93,-3.29,-1.76,9.06,28
46.13,-20.06,13.31,-0.99,0.28,0.12,-1.13,-6.63,7.65,-4.51,-8.81,16.59,-3.37,-2.18,8.94,28
45.00,-19.56,14.50,-0.65,-0.54,0.30,-2.17,-4.77,2.91,-5.88,-6.00,11.06,-3.24,-2.36,8.94,28
43.19,-18.75,15.94,-1.02,-0.50,0.76,-2.27,-3.59,1.46,-5.42,-6.14,10.38,-3.14,-2.61,8.91,28
40.69,-18.44,17.38,-0.88,-0.44,0.93,-0.13,-3.71,1.07,-3.24,-6.49,9.95,-3.09,-2.82,8.86,28
38.19,-18.19,18.44,-0.72,-0.29,0.79,0.85,-3.76,2.15,-1.76,-7.01,10.96,-3.07,-2.98,8.82,28
36.13,-18.56,19.13,-0.45,0.01,0.78,0.99,-3.13,1.05,-2.43,-5.96,9.36,-3.15,-3.05,8.76,28
34.00,-19.50,19.19,-0.21,0.23,0.93,1.37,-2.92,-0.06,-1.90,-5.97,8.66,-3.28,-3.04,8.72,28
32.00,-20.94,18.69,0.02,0.39,0.91,0.08,-1.77,-0.50,-3.43,-4.71,8.16,-3.51,-2.94,8.66,28
30.38,-21.81,18.25,-0.07,-0.02,0.90,0.74,-2.72,-0.98,-2.93,-5.55,7.66,-3.67,-2.82,8.64,28
28.31,-21.94,17.50,0.07,-0.41,0.83,0.10,-2.16,-0.79,-3.54,-4.86,7.89,-3.65,-2.69,8.69,28
26.69,-21.25,16.19,0.31,-0.61,0.65,0.12,-1.94,-0.38,-3.32,-4.43,8.41,-3.51,-2.50,8.80,28
25.25,-20.38,14.75,0.39,-0.53,0.66,0.51,-2.07,-0.57,-2.90,-4.41,8.31,-3.38,-2.28,8.91,28
23.50,-19.69,13.06,0.48,-0.53,0.90,0.61,-1.49,-0.83,-2.68,-3.58,8.15,-3.27,-2.01,9.02,28
21.56,-18.81,10.94,0.65,-0.68,0.84,0.17,-1.50,-0.92,-2.99,-3.26,8.18,-3.11,-1.68,9.14,28
20.06,-17.38,9.00,0.54,-0.75,0.58,-0.36,-1.40,0.02,-3.29,-2.87,9.26,-2.88,-1.41,9.26,28
19.38,-16.31,7.63,0.45,-0.44,0.28,-0.20,-2.36,-0.54,-2.96,-3.62,8.77,-2.75,-1.25,9.32,28
19.06,-15.75,6.75,0.55,-0.42,0.20,0.09,-2.02,-1.51,-2.53,-3.08,7.87,-2.63,-1.05,9.38,28
18.63,-14.81,5.38,0.52,-0.44,0.29,-0.93,-2.42,-0.97,-3.41,-3.26,8.47,-2.47,-0.83,9.45,28
18.00,-13.94,4.25,0.40,-0.46,0.27,-0.69,-2.03,1.01,-3.02,-2.70,10.51,-2.32,-0.66,9.50,28
17.44,-13.13,3.25,0.31,-0.35,0.42,-0.43,-2.15,-0.22,-4.66,-1.53,8.96,-2.20,-0.50,9.54,28
16.50,-12.44,1.94,0.60,-0.29,0.55,-2.27,-2.13,-0.48,-4.38,-2.46,9.08,-2.09,-0.25,9.57,28
15.19,-12.19,0.13,0.69,-0.03,0.66,-2.60,-2.07,-0.80,-4.67,-2.09,8.77,-2.07,0.05,9.58,28
14.13,-12.13,-1.63,0.72,-0.02,0.47,-2.53,-1.45,-0.89,-4.60,-1.17,8.68,-2.06,0.35,9.58,28
13.56,-12.13,-3.56,0.80,0.07,0.28,-1.81,-1.69,0.36,-3.87,-1.09,9.93,-2.07,0.67,9.56,28
12.94,-12.44,-5.50,0.86,0.20,0.40,-1.43,-1.37,-0.45,-3.54,-0.45,9.07,-2.11,0.92,9.53,28
12.38,-12.69,-7.38,1.13,0.13,0.50,-0.96,-1.11,-1.92,-3.13,0.23,7.54,-2.16,1.34,9.47,28
11.50,-12.56,-10.06,1.06,-0.07,0.56,-0.67,-1.89,-1.89,-2.79,-0.11,7.51,-2.11,1.78,9.40,28
10.50,-11.94,-12.38,0.84,-0.19,0.61,-0.20,-1.65,-1.60,-2.20,0.49,7.74,-2.00,2.14,9.35,28
9.31,-11.00,-14.56,0.86,-0.32,0.69,-0.54,-1.85,-0.94,-2.44,0.43,8.36,-1.83,2.50,9.30,28
7.81,-9.88,-16.31,0.48,-0.29,0.87,-0.01,-1.86,-0.98,-1.70,0.85,8.28,-1.64,2.76,9.26,28
6.06,-8.75,-17.25,0.25,-0.30,0.78,0.22,-3.05,-2.26,-1.26,-0.17,6.99,-1.44,2.91,9.25,28
4.75,-7.56,-18.44,0.69,-0.35,0.57,-0.14,-2.16,-1.27,-1.43,0.91,7.94,-1.25,3.16,9.19,28
3.94,-6.88,-21.25,1.47,-0.02,0.46,0.43,-3.03,-0.19,-0.74,0.50,8.87,-1.18,3.53,9.07,28
3.19,-6.75,-24.63,1.34,0.13,0.42,1.16,-4.08,-1.11,0.00,-0.02,7.73,-1.15,4.06,8.84,28
2.63,-6.63,-26.00,-0.02,0.07,0.06,1.80,-0.87,-1.50,0.66,3.39,7.24,-1.13,4.26,8.75,28
2.94,-6.56,-25.06,-0.65,-0.25,-0.24,0.57,-2.05,-2.06,-0.53,2.01,6.78,-1.10,4.07,8.85,28
3.75,-6.00,-23.63,-0.55,-0.43,-0.30,1.27,-2.56,-0.65,0.54,1.19,8.57,-1.01,3.86,8.95,28
4.19,-5.81,-22.38,-0.44,-0.01,-0.09,0.59,-2.65,-1.58,-0.41,1.06,7.43,-1.00,3.68,9.03,28
4.50,-5.69,-21.25,-0.61,-0.22,-0.14,1.41,-3.51,-0.88,0.43,0.02,8.20,-0.98,3.54,9.09,28
4.63,-5.31,-19.81,-1.03,-0.38,0.00,0.05,-1.99,1.49,-0.81,1.22,10.71,-0.87,3.22,9.21,28
5.19,-3.31,-16.25,0.17,0.58,0.05,1.41,-4.18,-5.13,0.79,-1.42,4.25,-0.62,2.76,9.38,28
4.50,-2.94,-17.00,0.28,-0.48,0.36,-0.19,-1.85,1.81,-0.66,1.04,11.17,-0.47,2.89,9.35,28
3.81,-2.19,-17.44,0.09,-0.12,0.38,0.13,-1.93,-0.72,0.10,0.84,8.84,-0.36,2.94,9.34,28
2.94,-2.31,-17.19,-0.27,0.34,0.30,1.48,-1.55,-0.41,1.06,1.16,9.70,-0.43,2.87,9.36,28
2.44,-2.75,-16.56,-0.21,0.15,0.12,-0.69,-2.68,-1.09,-0.81,-0.12,9.77,-0.47,2.78,9.38,28
2.19,-2.56,-16.63,0.08,-0.07,0.04,0.38,-2.99,-1.20,2.20,-0.92,9.80,-0.44,2.80,9.38,28
2.06,-2.88,-16.44,-0.11,0.18,0.01,-0.79,-0.82,-0.04,-1.28,1.95,9.34,-0.49,2.77,9.39,28
2.06,-2.88,-16.19,-0.09,-0.06,-0.00,-1.22,-2.85,0.02,-1.72,-0.12,9.42,-0.49,2.72,9.40,28
2.00,-2.63,-16.31,0.19,-0.18,0.03,-0.40,-2.09,0.06,-0.84,0.68,9.46,-0.43,2.77,9.39,28
2.00,-2.19,-16.88,0.21,-0.22,0.04,0.55,-1.26,-0.65,0.19,1.59,8.71,-0.36,2.86,9.37,28
1.94,-2.06,-16.94,-0.06,0.08,-0.01,-0.08,-1.26,-0.37,-0.68,1.32,9.01,-0.37,2.85,9.37,28
1.94,-2.31,-16.69,-0.13,0.10,-0.01,-0.68,-2.34,-0.15,-1.08,0.46,9.23,-0.40,2.81,9.38,28
1.94,-2.38,-16.56,0.03,-0.02,0.00,-0.82,-2.23,-0.11,-1.23,0.56,9.27,-0.41,2.80,9.38,28
1.88,-2.25,-16.75,0.10,-0.09,0.02,-0.23,-1.73,-0.18,-0.62,1.09,9.19,-0.38,2.83,9.38,28
1.69,-2.19,-16.88,-0.02,0.02,-0.00,-0.08,-1.61,-0.22,-0.46,1.22,9.15,-0.37,2.84,9.37,28
1.69,-2.25,-16.75,-0.05,0.04,-0.01,-0.55,-2.12,-0.35,-0.94,0.69,9.02,-0.39,2.82,9.38,28
1.63,-2.31,-16.69,0.02,-0.02,0.00,-0.40,-1.95,-0.19,-0.79,0.86,9.18,-0.39,2.82,9.38,28
1.63,-2.38,-16.06,0.04,-0.02,0.01,-0.46,-1.49,-0.54,-0.87,1.22,8.86,-0.41,2.72,9.41,28
1.56,-2.38,-16.06,-0.01,0.01,-0.00,-0.42,-1.68,-0.19,-0.85,0.98,9.23,-0.42,2.66,9.42,28
1.63,-2.69,-14.88,-0.01,0.01,-0.00,-0.38,-1.63,-0.24,-0.90,0.96,9.10,-0.47,2.47,9.47,28
1.69,-3.00,-13.81,-0.00,0.00,-0.00,-0.29,-1.46,-0.29,-0.79,0.85,9.19,-0.52,2.30,9.51,28
1.75,-3.19,-12.88,0.01,-0.00,0.00,-0.20,-1.23,-0.28,-0.75,0.95,9.25,-0.56,2.15,9.55,28
1.81,-3.38,-12.13,-0.00,0.00,0.00,-0.14,-1.13,-0.38,-0.72,0.92,9.18,-0.59,2.02,9.57,28
1.75,-3.56,-11.38,-0.01,0.01,-0.00,-0.20,-1.10,-0.41,-0.82,0.82,9.18,-0.61,1.93,9.59,28
1.81,-3.75,-10.69,0.00,-0.00,-0.00,-0.13,-0.92,-0.41,-0.78,0.89,9.20,-0.64,1.82,9.61,28
1.88,-3.88,-10.25,0.01,-0.01,0.00,-0.08,-0.73,-0.43,-0.75,1.01,9.19,-0.66,1.74,9.62,28
1.88,-3.88,-10.00,-0.01,0.01,-0.00,-0.15,-0.78,-0.46,-0.83,0.89,9.17,-0.67,1.68,9.63,28
1.88,-4.00,-9.56,-0.01,0.00,-0.00,-0.08,-0.73,-0.47,-0.78,0.87,9.16,-0.69,1.61,9.64,28
1.88,-4.06,-9.31,0.02,-0.01,0.00,-0.05,-0.55,-0.47,-0.75,1.02,9.17,-0.70,1.57,9.65,28
1.88,-4.13,-9.06,-0.01,0.01,0.00,-0.07,-0.63,-0.47,-0.84,0.93,9.19,-0.71,1.53,9.65,28
1.88,-4.19,-8.81,-0.00,0.01,0.00,-0.15,-0.61,-0.45,-0.87,0.89,9.20,-0.72,1.49,9.66,28
1.94,-4.25,-8.63,0.01,-0.01,0.00,0.01,-0.55,-0.44,-0.72,0.91,9.22,-0.73,1.46,9.66,28
1.94,-4.25,-8.50,0.00,0.00,0.00,-0.03,-0.44,-0.45,-0.76,0.99,9.21,-0.73,1.44,9.67,28
1.94,-4.31,-8.31,-0.02,0.01,-0.00,-0.11,-0.56,-0.48,-0.85,0.85,9.19,-0.74,1.42,9.67,28
2.00,-4.38,-8.13,0.01,-0.01,0.00,0.00,-0.47,-0.50,-0.75,0.91,9.16,-0.75,1.38,9.67,28
2.00,-4.38,-8.06,0.01,-0.01,0.00,-0.02,-0.36,-0.52,-0.77,1.00,9.15,-0.75,1.37,9.68,28
2.00,-4.38,-8.00,-0.01,0.01,-0.00,-0.05,-0.45,-0.50,-0.81,0.89,9.17,-0.75,1.35,9.68,28
2.00,-4.44,-7.88,0.00,-0.00,0.00,-0.04,-0.42,-0.43,-0.80,0.90,9.25,-0.76,1.33,9.68,28
2.00,-4.44,-7.75,0.00,-0.01,0.00,0.02,-0.38,-0.52,-0.74,0.94,9.16,-0.76,1.32,9.68,28
2.06,-4.50,-7.69,-0.00,-0.00,-0.00,-0.04,-0.33,0.00,-0.81,0.98,9.68,-0.77,1.31,9.68,28
2.00,-4.50,-7.69,-0.00,0.00,-0.00,-0.07,-0.34,-0.03,-0.84,0.97,9.65,-0.77,1.31,9.68,28
2.00,-4.50,-7.63,-0.00,-0.00,0.00,-0.11,-0.29,-0.01,-0.88,1.00,9.67,-0.77,1.30,9.68,28
1.88,-4.50,-7.56,0.00,0.00,0.00,-0.09,-0.28,-0.01,-0.87,1.00,9.67,-0.77,1.28,9.69,28
1.88,-4.50,-7.50,0.00,0.00,0.00,-0.04,-0.26,0.02,-0.82,1.00,9.71,-0.77,1.27,9.69,28
1.81,-4.56,-7.44,-0.00,0.00,-0.00,-0.05,-0.32,0.00,-0.83,0.93,9.68,-0.78,1.26,9.69,28
1.81,-4.56,-7.38,0.01,-0.00,-0.00,-0.04,-0.25,0.01,-0.82,1.00,9.70,-0.78,1.25,9.69,28
1.75,-4.56,-7.31,-0.01,0.00,0.00,-0.04,-0.29,0.00,-0.82,0.95,9.68,-0.78,1.24,9.69,28
1.75,-4.56,-7.25,-0.00,-0.00,0.00,-0.05,-0.33,-0.03,-0.83,0.97,9.67,-0.78,1.23,9.69,28
1.63,-4.56,-7.19,0.01,-0.00,0.00,-0.05,-0.22,-0.01,-0.84,1.00,9.67,-0.79,1.22,9.69,28
1.63,-4.63,-7.19,-0.01,-0.00,0.00,0.00,-0.29,-0.07,-0.79,0.92,9.62,-0.79,1.22,9.69,28
1.56,-4.63,-7.13,0.00,0.00,0.00,-0.10,-0.15,0.00,-0.89,1.05,9.69,-0.79,1.21,9.69,28
1.56,-4.63,-7.06,-0.00,0.01,-0.00,-0.09,-0.24,0.00,-0.89,0.96,9.70,-0.79,1.20,9.69,28
1.56,-4.63,-7.00,0.01,-0.01,0.00,-0.01,-0.25,-0.03,-0.80,0.94,9.66,-0.79,1.19,9.70,28
1.63,-4.63,-7.00,0.00,-0.00,0.00,-0.02,-0.17,0.00,-0.82,1.01,9.70,-0.79,1.19,9.70,28
1.63,-4.63,-6.94,-0.01,0.01,-0.00,-0.04,-0.25,0.00,-0.84,0.93,9.69,-0.79,1.18,9.70,28
1.63,-4.63,-6.94,0.01,-0.00,0.00,-0.04,-0.20,-0.01,-0.84,0.97,9.68,-0.80,1.18,9.70,28
1.63,-4.69,-6.88,0.00,-0.00,0.00,-0.03,-0.18,-0.02,-0.83,0.99,9.67,-0.80,1.17,9.70,28
1.63,-4.69,-6.88,0.00,0.00,-0.00,0.00,-0.23,-0.04,-0.80,0.94,9.65,-0.80,1.17,9.70,28
1.63,-4.69,-6.81,0.00,-0.00,0.00,-0.01,-0.17,-0.02,-0.82,0.99,9.68,-0.80,1.16,9.70,28
1.63,-4.69,-6.81,-0.01,-0.00,0.00,-0.01,-0.23,-0.04,-0.82,0.92,9.65,-0.80,1.16,9.70,28
1.63,-4.69,-6.75,0.00,0.00,0.00,-0.06,-0.22,0.00,-0.87,0.93,9.70,-0.80,1.15,9.70,28
1.63,-4.69,-6.75,0.01,-0.00,0.00,-0.02,-0.13,-0.09,-0.83,1.02,9.61,-0.80,1.15,9.70,28
1.63,-4.69,-6.75,-0.01,0.00,-0.00,-0.03,-0.21,0.05,-0.84,0.93,9.76,-0.80,1.15,9.70,28
1.63,-4.69,-6.69,-0.00,-0.00,0.00,-0.02,-0.23,-0.03,-0.83,0.90,9.66,-0.81,1.14,9.70,28
1.63,-4.69,-6.69,0.01,-0.01,0.00,0.00,-0.12,-0.05,-0.77,0.97,9.68,-0.81,1.14,9.70,28
1.63,-4.69,-6.69,-0.01,0.00,-0.00,-0.02,-0.16,-0.03,-0.83,0.91,9.80,-0.81,1.13,9.70,28
1.63,-4.75,-6.63,0.00,-0.00,0.00,-0.02,-0.22,-0.04,-0.84,0.90,9.66,-0.81,1.13,9.70,28
1.63,-4.75,-6.63,0.00,-0.01,0.00,0.01,-0.16,-0.06,-0.79,0.97,9.64,-0.81,1.13,9.70,28
1.63,-4.75,-6.63,0.00,0.00,0.00,-0.03,-0.12,-0.02,-0.85,1.00,9.68,-0.81,1.13,9.70,28
1.63,-4.75,-6.56,-0.00,0.00,-0.00,-0.04,-0.22,-0.01,-0.85,0.90,9.68,-0.81,1.12,9.70,28
1.63,-4.75,-6.56,0.01,-0.00,0.00,0.00,-0.12,-0.08,-0.81,0.99,9.62,-0.81,1.12,9.70,28
1.63,-4.75,-6.56,-0.00,0.01,0.00,-0.02,-0.14,-0.05,-0.83,0.98,9.64,-0.81,1.12,9.70,28
1.63,-4.75,-6.56,0.00,0.00,0.00,-0.05,-0.14,0.02,-0.87,0.97,9.73,-0.81,1.11,9.70,28
