312.12,-6.94,-94.19,-0.19,0.07,-0.05,0.08,-0.12,0.06,-1.03,9.37,-0.54,-1.19,9.70,-0.70,29
311.94,-7.06,-93.81,-0.07,0.06,-0.02,0.08,-0.33,0.01,-1.06,9.57,-0.64,-1.20,9.71,-0.65,29
311.69,-7.06,-93.56,-0.21,0.03,0.01,-0.07,-0.12,-0.14,-1.28,9.59,-0.75,-1.20,9.71,-0.60,29
311.75,-7.06,-93.50,0.16,-0.01,-0.01,0.08,-0.34,0.22,-1.12,9.36,-0.36,-1.20,9.71,-0.59,29
311.69,-7.06,-93.81,0.08,0.03,0.02,-0.11,-0.24,-0.08,-1.20,9.55,-0.60,-1.20,9.70,-0.66,29
311.50,-6.87,-94.19,0.10,0.05,0.05,0.02,-0.06,0.08,-1.29,9.59,-0.66,-1.17,9.70,-0.71,29
311.06,-6.75,-94.13,-0.07,0.10,0.04,-0.08,-0.09,-0.09,-1.25,9.59,-0.87,-1.15,9.71,-0.69,29
310.69,-6.62,-93.69,-0.05,0.08,-0.00,0.01,-0.05,0.28,-1.10,9.68,-0.41,-1.13,9.71,-0.63,29
310.56,-6.69,-93.94,0.04,0.04,-0.01,0.02,-0.22,0.00,-1.12,9.48,-0.66,-1.14,9.71,-0.67,29
310.56,-6.69,-94.37,0.14,-0.03,-0.01,-0.09,-0.16,-0.07,-1.24,9.54,-0.82,-1.14,9.71,-0.74,29
310.69,-6.81,-94.37,0.02,0.04,-0.05,-0.03,-0.19,-0.06,-1.20,9.51,-0.81,-1.16,9.70,-0.75,29
310.69,-6.87,-94.62,0.07,-0.01,-0.00,-0.07,-0.40,-0.05,-1.34,9.22,-0.86,-1.17,9.70,-0.79,29
310.63,-6.69,-94.44,-0.09,-0.03,0.07,0.09,-0.08,0.20,-1.05,9.72,-0.54,-1.13,9.71,-0.75,29
310.56,-6.56,-94.37,-0.05,0.03,0.00,0.06,0.02,0.07,-0.96,9.71,-0.61,-1.12,9.71,-0.74,29
310.69,-6.69,-94.37,0.05,-0.03,-0.07,0.05,-0.07,-0.12,-1.08,9.63,-0.87,-1.14,9.71,-0.74,29
310.94,-6.94,-94.25,0.01,-0.02,-0.05,-0.02,-0.30,0.10,-1.20,9.40,-0.62,-1.18,9.70,-0.72,29
311.00,-7.00,-94.25,-0.02,0.01,0.00,-0.04,-0.26,0.08,-1.24,9.43,-0.65,-1.19,9.70,-0.73,29
311.00,-6.94,-94.44,-0.03,-0.02,0.03,0.00,0.00,0.08,-1.19,9.71,-0.66,-1.18,9.70,-0.74,29
311.06,-6.94,-94.19,-0.06,-0.05,-0.02,-0.03,0.00,-0.02,-1.24,9.68,-0.76,-1.18,9.70,-0.70,29
311.31,-7.00,-93.62,-0.11,-0.03,-0.01,-0.03,-0.21,0.13,-1.18,9.54,-0.44,-1.20,9.71,-0.61,29
311.37,-7.00,-93.56,0.00,0.02,0.03,0.04,-0.19,0.09,-1.15,9.51,-0.51,-1.19,9.71,-0.60,29,29
311.12,-6.87,-93.69,0.07,0.05,0.04,0.06,-0.29,0.00,-1.11,9.42,-0.62,-1.18,9.71,-0.62,29,29
310.81,-6.75,-93.69,-0.04,0.02,0.05,0.07,-0.16,0.21,-1.07,9.55,-0.41,-1.14,9.71,-0.62,29
310.63,-6.50,-93.69,0.00,0.01,0.08,0.01,-0.13,-0.16,-1.07,9.70,-0.69,-1.11,9.72,-0.63,29
310.56,-6.37,-93.69,0.03,-0.07,0.04,0.03,-0.12,0.01,-1.06,9.64,-0.70,-1.08,9.72,-0.63,29
310.69,-6.31,-93.62,0.03,-0.06,0.01,0.04,-0.16,0.17,-1.04,9.50,-0.49,-1.07,9.72,-0.62,29
310.75,-6.25,-93.62,-0.04,-0.02,0.02,0.03,-0.25,0.00,-1.04,9.47,-0.61,-1.07,9.72,-0.62,29
310.75,-6.19,-93.50,-0.06,-0.00,0.03,0.06,-0.18,0.20,-0.98,9.54,-0.39,-1.05,9.73,-0.59,29
310.69,-6.12,-93.50,0.02,-0.02,0.02,-0.08,0.00,-0.10,-1.13,9.74,-0.70,-1.04,9.73,-0.59,29
310.94,-6.19,-93.37,-0.03,-0.05,-0.04,0.12,-0.17,0.19,-1.02,9.43,-0.45,-1.06,9.73,-0.58,29
311.19,-6.31,-93.37,0.01,-0.05,-0.02,-0.03,-0.19,0.03,-1.09,9.52,-0.49,-1.08,9.72,-0.58,29
311.31,-6.37,-93.31,-0.04,0.01,-0.02,-0.03,-0.19,0.09,-1.12,9.54,-0.45,-1.09,9.72,-0.56,29
311.25,-6.37,-93.25,-0.04,0.02,0.02,0.01,-0.31,0.05,-1.07,9.41,-0.50,-1.09,9.72,-0.56,29
311.00,-6.19,-92.94,-0.09,0.03,0.03,0.02,-0.07,-0.05,-1.04,9.65,-0.56,-1.06,9.73,-0.51,29
310.88,-6.12,-92.69,-0.02,-0.03,0.01,0.06,-0.26,-0.12,-0.98,9.47,-0.59,-1.05,9.73,-0.46,29
310.88,-6.06,-92.56,0.01,-0.12,0.03,-0.03,-0.06,0.22,-1.17,9.63,-0.46,-1.03,9.74,-0.45,29
311.44,-6.06,-92.62,-0.12,-0.08,0.04,0.06,-0.14,0.04,-1.04,9.51,-0.44,-1.03,9.74,-0.44,29
311.75,-5.81,-92.44,-0.06,-0.24,0.07,0.14,-0.36,0.23,-0.83,9.54,-0.30,-0.99,9.74,-0.40,29
311.56,-5.75,-91.81,-0.11,-0.02,0.04,-0.04,-0.07,0.28,-1.03,9.67,-0.02,-0.98,9.75,-0.31,29
311.81,-5.75,-91.94,-0.02,0.05,-0.03,0.12,-0.28,0.24,-0.85,9.46,-0.09,-0.98,9.75,-0.33,29
311.62,-5.69,-92.00,0.08,-0.03,0.06,0.16,-0.14,0.06,-0.80,9.60,-0.29,-0.97,9.75,-0.35,29
311.37,-5.56,-92.19,0.05,0.10,0.01,-0.01,-0.06,0.09,-1.02,9.64,-0.38,-0.95,9.75,-0.38,29
311.06,-5.44,-92.50,0.10,0.04,0.03,-0.04,-0.22,-0.10,-0.87,9.47,-0.44,-0.93,9.75,-0.44,29
311.00,-5.37,-92.75,0.06,-0.02,0.03,0.01,-0.29,0.09,-0.86,9.53,-0.40,-0.91,9.75,-0.48,29
310.81,-5.25,-92.88,0.00,0.01,0.03,-0.08,-0.07,0.15,-0.98,9.67,-0.34,-0.90,9.75,-0.49,29
310.75,-5.25,-92.81,-0.09,0.15,-0.01,-0.14,-0.09,-0.06,-1.04,9.65,-0.53,-0.90,9.75,-0.47,29
310.56,-5.25,-92.69,-0.02,-0.03,0.02,-0.01,-0.17,0.04,-0.92,9.54,-0.36,-0.89,9.75,-0.46,29
310.50,-5.25,-92.50,-0.06,0.06,-0.02,-0.01,-0.28,-0.04,-0.89,9.50,-0.44,-0.90,9.75,-0.42,29
310.44,-5.25,-92.25,-0.14,-0.01,0.00,0.00,-0.13,0.02,-0.91,9.62,-0.36,-0.90,9.75,-0.37,29
310.38,-5.31,-91.63,-0.19,0.04,-0.02,0.00,0.00,-0.05,-0.90,9.76,-0.33,-0.91,9.76,-0.26,29
310.38,-5.37,-90.94,-0.20,0.04,-0.05,-0.05,-0.15,0.00,-0.98,9.60,-0.16,-0.92,9.76,-0.16,29
310.38,-5.50,-90.44,-0.16,-0.03,-0.03,-0.01,-0.03,-0.22,-0.96,9.72,-0.29,-0.95,9.76,-0.06,29
310.63,-5.62,-89.75,-0.23,-0.06,-0.04,0.00,-0.25,0.23,-0.95,9.50,0.23,-0.97,9.75,0.05,29,29
310.81,-5.75,-89.00,-0.27,-0.09,0.00,0.02,0.00,-0.01,-0.92,9.62,0.24,-0.98,9.75,0.18,29,29
311.12,-5.75,-88.12,-0.22,-0.10,-0.02,0.02,-0.34,0.11,-0.95,9.52,0.33,-0.99,9.75,0.33,29,29
311.19,-5.75,-87.25,-0.22,-0.03,-0.01,-0.04,-0.29,0.02,-1.04,9.45,0.47,-0.99,9.74,0.47,29
311.31,-5.81,-86.63,-0.22,-0.04,-0.03,0.05,-0.37,0.17,-0.95,9.36,0.74,-1.00,9.73,0.57,29
311.12,-5.87,-85.62,-0.45,0.06,-0.00,0.03,-0.01,0.00,-0.97,9.71,0.77,-1.00,9.72,0.77,29
310.88,-5.94,-84.06,-0.43,0.05,-0.05,-0.09,-0.36,0.06,-1.13,9.42,0.91,-1.02,9.69,1.03,29
310.88,-6.00,-83.00,-0.28,-0.06,0.01,0.05,-0.19,0.12,-0.96,9.48,1.30,-1.02,9.67,1.21,29
310.81,-5.94,-82.06,-0.22,-0.08,0.01,0.03,-0.35,0.01,-0.98,9.30,1.36,-1.01,9.65,1.36,29
310.94,-5.87,-81.19,-0.23,-0.04,0.01,0.01,-0.20,0.15,-0.99,9.43,1.64,-1.00,9.63,1.50,29
311.12,-5.81,-80.62,-0.14,-0.12,-0.02,0.09,-0.29,0.18,-0.90,9.33,1.76,-0.99,9.62,1.58,29
311.19,-5.75,-79.87,-0.45,-0.02,0.04,0.00,-0.02,0.18,-0.99,9.56,1.93,-0.98,9.59,1.75,29
311.12,-5.69,-78.62,-0.30,-0.06,-0.00,0.03,-0.16,0.02,-0.94,9.40,1.93,-0.97,9.56,1.94,29
311.00,-5.69,-77.00,-0.73,0.07,0.00,0.08,-0.03,-0.01,-0.89,9.47,2.17,-0.98,9.50,2.18,29
310.94,-5.81,-75.06,-0.41,-0.03,-0.05,-0.01,-0.50,0.05,-1.01,8.92,2.56,-1.00,9.41,2.53,29
311.06,-5.81,-74.00,-0.37,-0.06,-0.02,0.08,-0.16,-0.03,-0.91,9.21,2.64,-1.00,9.36,2.71,29
311.19,-5.87,-72.62,-0.38,-0.04,-0.02,0.04,-0.28,0.07,-0.96,9.02,2.97,-1.00,9.31,2.90,29
311.19,-5.87,-71.69,-0.36,-0.06,-0.01,-0.01,-0.11,-0.02,-1.02,9.13,3.06,-1.00,9.25,3.09,29
311.37,-5.75,-70.56,-0.35,-0.08,0.00,0.01,-0.04,-0.04,-1.04,9.00,3.20,-0.99,9.19,3.27,29
311.44,-5.69,-69.56,-0.25,-0.05,-0.00,0.03,-0.05,0.10,-0.94,9.08,3.51,-0.97,9.13,3.42,29
311.44,-5.69,-68.62,-0.25,0.01,-0.03,0.00,-0.17,0.03,-0.97,8.90,3.59,-0.98,9.08,3.55,29
311.50,-5.81,-67.81,-0.26,0.01,-0.02,0.00,-0.09,-0.10,-1.00,8.93,3.58,-0.99,9.03,3.68,29
311.37,-5.87,-66.56,-0.33,-0.00,-0.04,0.03,-0.13,-0.06,-0.97,8.82,3.80,-1.01,8.95,3.87,29
311.50,-5.94,-65.81,-0.17,-0.05,-0.02,0.06,-0.08,0.06,-0.95,8.80,4.07,-1.01,8.89,4.00,29
311.62,-5.94,-65.19,-0.18,-0.05,-0.03,0.07,-0.06,-0.16,-0.94,8.78,3.92,-1.01,8.84,4.11,29
311.69,-5.94,-64.44,-0.21,-0.04,-0.02,-0.01,-0.11,0.05,-1.02,8.68,4.25,-1.01,8.80,4.20,29
311.81,-5.94,-64.00,-0.15,-0.05,-0.01,0.05,-0.24,0.06,-0.96,8.51,4.34,-1.01,8.76,4.27,29
311.94,-5.94,-63.44,-0.19,-0.02,-0.02,0.09,-0.06,0.05,-0.92,8.65,4.42,-1.01,8.72,4.36,29
312.06,-6.00,-62.88,-0.17,0.01,-0.04,0.02,-0.14,0.00,-1.01,8.52,4.45,-1.04,8.67,4.45,29
312.00,-6.19,-62.00,-0.27,0.05,-0.01,-0.03,-0.40,0.09,-1.08,8.20,4.66,-1.06,8.60,4.58,29
311.94,-6.12,-61.25,-0.20,-0.01,-0.00,-0.02,-0.18,0.06,-1.07,8.36,4.74,-1.05,8.55,4.68,29
311.94,-6.12,-60.50,-0.41,-0.03,-0.01,-0.01,-0.20,-0.02,-1.07,8.26,4.81,-1.05,8.46,4.83,29
311.87,-6.12,-59.25,-0.32,-0.03,-0.01,0.01,-0.16,0.06,-1.03,8.19,5.06,-1.05,8.36,5.00,29
312.00,-6.12,-58.50,-0.23,-0.02,-0.01,0.00,0.01,-0.16,-1.01,8.06,5.18,-1.05,8.30,5.10,29
311.94,-6.19,-57.75,-0.25,0.03,-0.02,0.05,-0.17,-0.08,-1.10,8.17,5.12,-1.06,8.23,5.21,29
312.00,-6.25,-56.94,-0.21,-0.03,-0.05,0.04,-0.07,0.00,-1.02,8.09,5.31,-1.07,8.17,5.31,29
312.00,-6.37,-55.88,-0.39,0.05,-0.02,-0.04,-0.16,-0.16,-1.13,7.90,5.29,-1.09,8.07,5.46,29
311.94,-6.44,-54.75,-0.28,-0.03,-0.06,-0.06,-0.20,-0.01,-1.17,7.73,5.62,-1.10,7.94,5.64,29
312.25,-6.50,-54.31,-0.03,-0.02,-0.06,0.09,-0.37,-0.06,-1.02,7.53,5.62,-1.12,7.91,5.68,29
312.31,-6.56,-53.75,-0.29,0.01,0.01,0.03,-0.22,-0.03,-1.17,7.85,5.76,-1.12,7.84,5.77,29
312.19,-6.56,-52.75,-0.29,0.02,-0.00,0.09,-0.21,0.18,-1.11,7.67,6.12,-1.13,7.74,5.90,29
312.25,-6.69,-52.44,-0.01,-0.01,-0.05,0.07,-0.19,0.09,-1.07,7.52,6.02,-1.15,7.72,5.92,29
312.25,-6.75,-52.31,-0.10,-0.01,0.01,0.01,-0.18,0.08,-1.13,7.51,6.03,-1.15,7.70,5.95,29
312.25,-6.75,-52.19,0.04,-0.01,-0.03,-0.08,-0.29,-0.09,-1.15,7.40,5.91,-1.16,7.69,5.96,29
312.25,-6.75,-52.13,-0.03,0.01,0.01,-0.02,-0.08,0.02,-1.19,7.59,6.01,-1.15,7.69,5.97,29
312.31,-6.69,-52.06,-0.06,-0.03,0.02,0.05,-0.10,-0.03,-1.11,7.57,6.07,-1.14,7.68,5.98,29
312.25,-6.69,-52.00,-0.02,-0.01,0.01,-0.03,-0.15,0.00,-1.08,7.51,6.04,-1.14,7.67,5.99,29
312.31,-6.62,-51.94,-0.01,-0.01,0.00,0.01,-0.16,0.00,-1.12,7.51,6.00,-1.13,7.67,6.00,29
312.25,-6.56,-51.94,0.03,-0.03,0.01,-0.02,-0.08,-0.02,-1.14,7.58,5.97,-1.12,7.67,6.00,29
312.25,-6.50,-51.88,-0.09,-0.01,0.03,0.06,-0.02,0.05,-1.05,7.63,6.07,-1.11,7.66,6.01,29
312.19,-6.44,-51.56,-0.06,0.01,-0.00,0.03,-0.16,0.21,-1.09,7.41,6.11,-1.10,7.63,6.05,29
312.12,-6.44,-51.13,-0.27,-0.01,-0.00,0.04,-0.24,0.13,-1.08,7.49,6.40,-1.10,7.57,6.12,29
312.06,-6.50,-50.81,0.01,-0.00,0.00,-0.11,0.03,-0.03,-1.04,7.37,6.19,-1.11,7.55,6.15,29
312.06,-6.50,-50.56,-0.14,0.02,-0.01,0.01,0.03,0.02,-1.09,7.56,6.20,-1.11,7.53,6.18,29
312.12,-6.50,-50.44,-0.05,0.00,0.01,0.08,-0.17,-0.10,-1.03,7.33,6.09,-1.11,7.51,6.19,29
312.06,-6.44,-50.19,-0.14,0.01,0.02,0.01,-0.10,-0.01,-1.09,7.37,6.23,-1.10,7.47,6.24,29
312.00,-6.44,-50.06,0.03,0.00,0.00,0.00,-0.17,-0.01,-1.10,7.29,6.23,-1.10,7.47,6.25,29
311.94,-6.44,-49.94,-0.08,0.03,0.02,0.05,-0.16,0.04,-1.05,7.32,6.36,-1.10,7.45,6.27,29
311.87,-6.50,-49.94,0.08,-0.01,-0.02,0.01,-0.22,0.03,-1.03,7.20,6.37,-1.11,7.46,6.25,29
311.94,-6.44,-50.44,0.13,0.00,0.01,0.04,-0.28,-0.15,-1.06,7.22,6.04,-1.10,7.51,6.19,29
311.87,-6.37,-50.88,0.22,0.01,0.04,-0.04,-0.17,0.10,-1.13,7.39,6.25,-1.09,7.56,6.14,29
311.87,-6.31,-51.75,0.31,0.00,0.01,-0.02,-0.11,-0.03,-1.10,7.55,5.97,-1.08,7.67,6.00,29
311.81,-6.25,-52.50,0.27,-0.00,0.03,0.06,-0.16,0.05,-1.09,7.59,5.91,-1.07,7.75,5.90,29
311.81,-6.19,-53.69,0.33,0.01,0.03,0.02,-0.05,-0.09,-1.04,7.78,5.64,-1.05,7.87,5.74,29
311.69,-6.06,-54.38,0.22,-0.02,0.04,0.00,0.03,0.12,-0.91,7.68,5.83,-1.03,7.94,5.65,29
311.62,-6.00,-55.63,0.55,0.02,0.02,-0.09,0.02,-0.10,-1.12,8.07,5.40,-1.02,8.04,5.50,29
311.62,-5.87,-57.00,0.28,0.03,0.06,0.00,-0.23,0.11,-1.00,7.95,5.42,-1.01,8.18,5.30,29
311.44,-5.81,-57.75,0.22,0.01,0.07,-0.10,-0.18,-0.38,-1.06,8.00,4.50,-0.98,8.25,5.19,29
310.69,-5.50,-56.00,-0.82,0.10,0.15,-0.17,0.13,-0.06,-1.01,8.00,5.45,-0.93,8.05,5.51,29
310.63,-5.31,-53.75,-0.62,-0.06,-0.02,0.04,-0.06,0.10,-0.66,7.77,6.10,-0.91,7.84,5.81,29
310.44,-5.44,-51.50,-0.64,0.13,-0.00,-0.03,0.24,-0.37,-0.90,7.61,6.04,-0.93,7.59,6.12,29
310.50,-5.75,-49.25,-0.47,0.06,-0.04,0.09,-0.41,0.18,-0.89,6.97,6.54,-0.98,7.39,6.36,29
310.44,-5.81,-47.94,-0.35,-0.07,-0.04,0.00,0.11,0.06,-0.99,7.36,6.59,-0.99,7.24,6.53,29
310.56,-5.81,-46.63,-0.53,-0.03,-0.03,0.02,-0.24,-0.01,-0.95,6.90,6.74,-0.99,7.06,6.73,29
310.81,-5.75,-45.38,-0.27,-0.03,-0.02,-0.11,0.08,0.00,-0.95,7.06,6.90,-0.98,6.93,6.86,29
310.94,-5.81,-44.19,-0.58,0.05,-0.00,0.15,-0.06,0.18,-1.01,6.80,7.23,-1.00,6.76,7.03,29
310.81,-6.06,-42.62,-0.25,0.05,-0.08,-0.03,0.11,0.32,-1.07,6.61,7.33,-1.04,6.59,7.17,29
311.12,-6.37,-42.38,-0.10,0.06,-0.05,0.01,-0.22,-0.19,-1.08,6.34,6.99,-1.09,6.57,7.19,29
311.25,-6.44,-42.31,0.09,-0.03,-0.02,0.00,-0.13,0.05,-1.11,6.42,7.26,-1.10,6.56,7.20,29
311.62,-6.37,-42.75,0.15,0.00,-0.00,0.08,-0.18,0.00,-1.11,6.37,7.16,-1.09,6.62,7.14,29
311.62,-6.31,-44.00,0.69,-0.01,0.03,0.04,-0.04,0.18,-1.04,6.76,7.07,-1.08,6.82,6.95,29
311.87,-6.19,-47.50,1.14,-0.06,0.02,-0.08,-0.06,-0.16,-1.06,7.29,6.41,-1.06,7.25,6.50,29
311.81,-6.00,-50.88,0.92,0.04,0.10,0.06,0.09,0.07,-0.97,7.56,6.15,-1.02,7.61,6.08,29,29
311.62,-5.94,-53.69,0.83,0.06,0.09,0.07,0.05,0.18,-0.93,7.91,5.95,-1.01,7.86,5.77,29,29
311.75,-5.94,-57.44,1.19,0.04,-0.00,0.01,-0.12,0.01,-1.00,8.09,5.25,-1.01,8.22,5.24,29
311.69,-6.00,-60.50,1.09,0.03,-0.01,-0.03,0.09,-0.07,-1.07,8.62,4.64,-1.03,8.53,4.71,29
311.69,-6.25,-63.56,0.87,0.06,-0.06,-0.01,-0.16,-0.09,-1.06,8.57,4.02,-1.07,8.76,4.26,29
311.69,-6.44,-65.87,0.58,0.11,0.01,-0.06,-0.13,-0.07,-1.16,8.80,3.92,-1.10,8.91,3.92,29
311.37,-6.50,-67.94,0.63,0.17,0.02,-0.08,0.01,-0.05,-1.16,9.13,3.52,-1.12,9.05,3.59,29
311.44,-6.81,-70.62,0.90,0.08,-0.08,0.02,-0.13,-0.09,-1.14,9.05,3.12,-1.16,9.18,3.22,29
311.44,-6.87,-73.12,0.66,0.04,0.05,0.07,-0.54,-0.08,-1.09,8.77,2.74,-1.17,9.31,2.82,29
311.06,-6.69,-74.44,0.41,0.10,0.12,0.00,0.05,-0.21,-1.12,9.45,2.35,-1.13,9.39,2.56,29
310.69,-6.31,-76.00,0.54,0.01,0.09,-0.05,0.00,-0.22,-1.13,9.46,2.06,-1.08,9.47,2.29,29
310.63,-6.12,-78.31,0.77,0.01,0.02,0.07,0.11,0.00,-0.96,9.68,1.69,-1.05,9.56,1.89,29
310.88,-6.12,-80.75,0.71,-0.04,0.02,-0.07,-0.31,-0.14,-1.11,9.51,1.31,-1.04,9.63,1.49,29
310.94,-5.94,-82.19,0.33,-0.00,0.04,0.11,0.02,-0.08,-0.90,9.68,1.24,-1.01,9.66,1.32,29
310.81,-5.94,-83.00,0.29,0.08,0.01,0.12,-0.26,0.26,-0.89,9.42,1.44,-1.01,9.68,1.18,29
310.44,-5.94,-83.69,0.28,0.11,0.03,-0.02,-0.08,-0.01,-1.01,9.48,1.05,-1.01,9.69,1.03,29
310.25,-5.87,-84.87,0.38,0.05,0.00,0.30,-0.08,-0.17,-1.02,9.46,0.67,-1.01,9.71,0.83,29
310.25,-5.87,-86.44,0.48,0.03,0.04,0.04,-0.03,0.07,-1.05,9.58,0.54,-1.00,9.73,0.56,29
310.06,-5.81,-87.69,0.44,0.11,-0.05,-0.11,-0.21,-0.07,-1.06,9.53,0.24,-1.00,9.74,0.34,29
310.25,-5.87,-89.13,0.36,-0.11,-0.00,0.07,-0.29,0.16,-0.93,9.45,0.31,-1.01,9.75,0.14,29
310.06,-5.87,-89.25,-0.11,0.10,0.01,-0.22,-0.15,-0.15,-1.22,9.59,-0.03,-1.00,9.75,0.11,29
310.06,-5.94,-89.06,-0.00,0.01,-0.03,-0.09,-0.08,0.21,-1.07,9.56,0.45,-1.02,9.75,0.14,29
310.38,-6.06,-89.56,0.06,-0.05,-0.03,0.05,-0.39,0.08,-0.94,9.56,0.39,-1.04,9.75,0.05,29
310.50,-5.94,-90.62,0.45,-0.14,0.13,0.20,-0.15,-0.03,-0.82,9.61,-0.07,-1.00,9.75,-0.14,29
310.31,-5.69,-91.69,0.20,0.07,0.04,-0.14,-0.05,-0.41,-1.16,9.58,-0.55,-0.97,9.75,-0.30,29
310.25,-5.44,-92.88,0.53,-0.03,0.13,0.11,-0.04,0.22,-0.81,9.70,-0.26,-0.93,9.74,-0.49,29
310.19,-5.12,-94.56,0.35,0.05,0.05,0.17,0.14,-0.05,-0.70,9.88,-0.83,-0.88,9.73,-0.78,29
310.19,-5.19,-95.62,0.46,0.03,-0.04,0.02,0.08,0.22,-0.95,9.70,-0.71,-0.89,9.71,-1.00,29
310.44,-5.31,-97.88,0.73,-0.02,-0.06,0.11,-0.24,-0.49,-0.80,9.35,-1.78,-0.92,9.66,-1.38,29
310.56,-5.31,-98.62,0.12,0.01,0.04,-0.08,-0.51,0.35,-0.90,9.58,-1.35,-0.90,9.64,-1.49,29
310.50,-5.12,-99.87,0.50,0.01,0.03,-0.01,0.09,0.12,-0.85,9.65,-1.67,-0.88,9.61,-1.72,29
310.56,-5.06,-101.25,0.37,-0.00,0.04,-0.01,-0.25,0.22,-0.88,9.32,-1.68,-0.86,9.57,-1.91,29
310.50,-4.81,-102.56,0.47,0.07,0.06,0.08,0.08,0.00,-0.74,9.61,-2.18,-0.82,9.52,-2.17,29
310.13,-4.69,-103.75,0.43,0.04,0.01,-0.01,-0.12,0.15,-0.89,9.19,-2.10,-0.80,9.47,-2.38,29
309.81,-4.56,-105.75,0.54,0.15,0.05,0.08,-0.07,0.19,-0.66,9.20,-2.73,-0.77,9.39,-2.70,29
309.19,-4.25,-106.75,0.17,0.12,0.02,0.10,0.05,-0.02,-1.03,8.97,-2.91,-0.72,9.35,-2.84,29
308.87,-4.19,-108.12,0.72,0.14,-0.08,0.04,0.21,0.06,-0.68,9.51,-2.97,-0.72,9.26,-3.12,29
309.25,-4.37,-110.25,0.39,-0.04,-0.06,0.25,-0.29,0.38,-0.50,8.87,-3.01,-0.75,9.16,-3.39,29
309.56,-4.56,-111.62,0.57,0.02,-0.06,-0.04,-0.16,-0.09,-0.83,8.90,-3.75,-0.79,9.06,-3.65,29
309.87,-4.75,-113.69,0.51,0.00,-0.04,0.12,-0.26,-0.27,-0.76,8.57,-4.04,-0.82,8.93,-3.96,29
310.13,-4.81,-114.62,0.20,-0.03,0.03,0.09,-0.47,-0.05,-0.72,8.40,-4.13,-0.82,8.87,-4.09,29
309.62,-4.44,-115.37,0.26,0.12,0.11,0.08,0.03,0.39,-0.68,8.87,-3.79,-0.75,8.82,-4.21,29
308.63,-4.06,-116.56,0.51,0.20,0.03,-0.05,-0.05,-0.09,-0.75,8.68,-4.47,-0.68,8.72,-4.42,29
307.94,-3.69,-118.31,0.45,0.13,0.06,-0.02,-0.20,-0.07,-0.66,8.41,-4.71,-0.63,8.61,-4.64,29
307.19,-3.31,-119.06,0.15,0.13,0.06,0.04,-0.14,0.07,-0.52,8.40,-4.70,-0.56,8.54,-4.77,29
306.75,-3.12,-120.13,0.46,0.13,-0.03,0.08,-0.01,0.08,-0.46,8.44,-4.83,-0.54,8.43,-4.96,29
306.75,-3.12,-122.50,0.63,-0.04,0.02,-0.05,-0.38,-0.47,-0.59,7.86,-5.73,-0.53,8.25,-5.26,29
306.87,-3.06,-123.50,0.22,0.05,0.01,0.23,-0.05,0.12,-0.29,8.10,-5.28,-0.53,8.16,-5.41,29
306.63,-3.00,-124.06,0.22,0.08,-0.03,0.01,-0.38,0.00,-0.50,7.72,-5.48,-0.51,8.10,-5.48,29
306.00,-2.75,-124.81,0.22,0.05,0.07,-0.11,-0.09,-0.15,-0.59,7.94,-5.74,-0.47,8.03,-5.59,29
306.00,-2.69,-125.31,-0.02,-0.02,0.00,0.11,-0.15,0.14,-0.34,7.84,-5.51,-0.46,7.99,-5.66,29
306.00,-2.69,-125.38,0.09,0.02,0.01,0.06,-0.02,0.35,-0.31,8.00,-5.40,-0.45,7.97,-5.68,29
305.87,-2.62,-126.00,0.17,0.05,-0.01,0.01,-0.07,0.18,-0.33,7.83,-5.57,-0.45,7.90,-5.77,29
305.50,-2.50,-126.50,0.11,0.06,0.02,0.09,-0.16,0.03,-0.41,7.63,-5.81,-0.42,7.86,-5.83,29
304.94,-2.25,-126.69,0.12,0.10,-0.00,-0.08,-0.04,0.11,-0.36,7.86,-6.11,-0.38,7.84,-5.87,29
304.69,-2.19,-127.12,0.16,-0.01,0.01,0.08,-0.13,-0.02,-0.29,7.67,-5.94,-0.37,7.80,-5.92,29
304.81,-2.19,-127.50,0.06,-0.03,0.01,0.06,-0.09,0.13,-0.31,7.67,-5.83,-0.37,7.76,-5.97,29
304.87,-2.19,-127.87,0.17,0.01,-0.00,0.16,-0.04,0.13,-0.41,7.67,-5.99,-0.37,7.72,-6.03,29
304.87,-2.19,-128.44,0.20,0.00,-0.02,-0.01,-0.08,-0.05,-0.39,7.58,-6.15,-0.37,7.66,-6.09,29
304.94,-2.19,-129.00,0.04,0.01,0.01,0.07,-0.23,-0.02,-0.30,7.38,-6.19,-0.38,7.61,-6.17,29
304.75,-2.19,-129.19,0.07,0.04,0.00,-0.01,-0.23,0.07,-0.39,7.35,-6.11,-0.37,7.59,-6.19,29
304.63,-2.06,-129.00,-0.02,0.01,0.02,-0.03,-0.02,0.02,-0.39,7.58,-6.14,-0.36,7.61,-6.17,29
304.75,-2.12,-129.38,0.20,-0.01,-0.01,0.07,-0.07,-0.09,-0.29,7.48,-6.33,-0.36,7.55,-6.23,29
304.81,-2.06,-129.19,-0.17,-0.03,0.02,0.10,-0.17,0.45,-0.31,7.49,-5.97,-0.36,7.59,-6.18,29
304.75,-2.06,-129.12,0.05,0.00,0.00,0.01,-0.03,0.12,-0.34,7.56,-6.06,-0.36,7.59,-6.19,29
305.12,-2.19,-129.75,0.25,-0.06,0.01,0.00,-0.10,0.13,-0.36,7.42,-6.13,-0.37,7.50,-6.29,29
305.81,-2.37,-130.75,0.19,-0.08,-0.02,0.08,-0.22,-0.04,-0.31,7.19,-6.44,-0.40,7.41,-6.39,29
305.94,-2.37,-130.87,-0.03,0.01,0.02,0.01,-0.22,-0.12,-0.39,7.17,-6.53,-0.41,7.40,-6.41,29
305.87,-2.31,-130.37,-0.11,-0.03,0.06,0.08,-0.12,0.20,-0.31,7.33,-6.13,-0.39,7.46,-6.34,29
305.69,-2.19,-130.44,0.21,0.04,0.00,0.02,-0.03,0.12,-0.34,7.40,-6.47,-0.37,7.43,-6.37,29
305.50,-2.19,-131.19,0.17,0.02,-0.02,0.00,-0.12,-0.05,-0.36,7.24,-6.51,-0.37,7.36,-6.46,29
305.62,-2.25,-131.75,0.10,-0.06,-0.00,0.00,-0.11,-0.01,-0.39,7.19,-6.54,-0.38,7.30,-6.52,29
305.87,-2.31,-131.81,0.03,-0.01,-0.03,0.04,-0.25,-0.09,-0.35,7.04,-6.63,-0.40,7.29,-6.54,29
305.81,-2.31,-131.56,-0.22,0.02,0.03,0.06,-0.25,0.06,-0.34,7.06,-6.44,-0.40,7.32,-6.50,29
305.50,-2.19,-130.69,-0.52,0.05,0.02,-0.05,-0.04,-0.13,-0.42,7.42,-6.47,-0.37,7.47,-6.33,29
305.81,-2.31,-128.62,-0.48,-0.21,-0.02,0.05,0.05,-0.23,-0.35,7.71,-6.35,-0.40,7.65,-6.11,29
307.75,-3.00,-127.62,-0.13,-0.28,-0.06,-0.02,-0.17,0.06,-0.53,7.57,-5.92,-0.51,7.75,-5.98,29
309.69,-3.69,-126.50,-0.47,-0.30,-0.06,-0.02,-0.02,-0.14,-0.65,7.83,-5.96,-0.63,7.86,-5.82,29
311.50,-4.44,-124.50,-0.75,-0.23,-0.04,0.07,-0.46,0.46,-0.68,7.58,-5.07,-0.75,8.05,-5.54,29
311.94,-4.69,-122.69,-0.58,-0.06,-0.07,0.13,-0.04,0.19,-0.67,8.20,-5.04,-0.81,8.24,-5.23,29
312.12,-4.87,-120.50,-0.66,-0.03,-0.07,0.19,-0.22,0.13,-0.83,8.10,-4.78,-0.84,8.44,-4.90,29
312.25,-5.00,-118.06,-0.84,-0.02,-0.04,-0.22,-0.11,-0.06,-1.08,8.50,-4.66,-0.85,8.61,-4.59,29
312.19,-5.12,-115.44,-0.98,-0.00,-0.05,0.05,-0.15,0.14,-0.83,8.69,-3.97,-0.89,8.85,-4.11,29
312.12,-5.31,-112.75,-0.66,-0.07,-0.02,0.10,0.06,0.14,-0.81,9.08,-3.57,-0.92,9.02,-3.72,29
312.56,-5.62,-110.88,-0.28,-0.06,-0.12,-0.03,0.07,0.15,-1.01,9.19,-3.31,-0.98,9.11,-3.46,29
313.50,-6.12,-110.00,-0.45,-0.08,-0.10,0.04,-0.34,0.10,-1.01,8.82,-3.19,-1.06,9.17,-3.29,29
313.69,-6.31,-107.94,-0.85,-0.09,-0.01,-0.14,-0.17,0.00,-1.23,9.09,-3.00,-1.08,9.29,-2.91,29
313.69,-6.50,-105.31,-0.54,-0.05,-0.06,-0.06,-0.20,0.13,-1.18,9.19,-2.44,-1.11,9.39,-2.57,29
313.81,-6.69,-104.44,-0.34,0.09,-0.06,0.08,-0.02,0.46,-1.06,9.41,-1.93,-1.15,9.43,-2.39,29
313.81,-6.81,-103.25,-0.41,-0.07,-0.02,0.08,-0.28,-0.10,-1.08,9.20,-2.29,-1.17,9.48,-2.19,29
313.12,-6.87,-101.38,-0.54,0.06,-0.02,-0.12,0.27,-0.53,-1.30,9.82,-2.41,-1.17,9.55,-1.88,29
313.19,-7.06,-99.25,-0.61,0.02,-0.11,0.12,-0.17,-0.13,-1.08,9.43,-1.65,-1.21,9.61,-1.51,29
313.25,-7.19,-96.63,-1.01,0.05,0.03,0.10,0.00,0.37,-1.12,9.66,-0.75,-1.22,9.67,-1.04,29
313.19,-7.19,-93.94,-0.59,-0.13,-0.05,0.10,0.23,0.28,-1.12,9.93,-0.38,-1.23,9.70,-0.67,29
313.69,-7.62,-93.44,-0.05,-0.21,-0.03,-0.16,-0.52,-0.16,-1.46,9.17,-0.74,-1.30,9.70,-0.58,29
314.12,-7.44,-91.94,-0.57,-0.09,0.08,0.02,-0.26,0.26,-1.23,9.45,-0.01,-1.26,9.72,-0.28,29
314.69,-7.12,-91.50,0.35,-0.66,0.19,0.10,0.29,0.14,-1.10,10.02,-0.14,-1.20,9.72,-0.29,29
315.81,-7.12,-91.81,-0.27,0.15,-0.15,-0.29,-0.26,-0.71,-1.29,9.36,-0.13,-1.23,9.72,-0.28,29
316.44,-7.50,-91.06,-0.22,-0.28,-0.08,0.40,-0.36,1.05,-0.88,9.35,0.86,-1.29,9.71,-0.15,29
316.94,-7.75,-91.44,0.43,-0.04,-0.07,0.04,-0.27,0.14,-1.27,9.43,-0.10,-1.32,9.71,-0.24,29
316.88,-7.62,-91.69,-0.27,0.18,0.13,0.15,-0.10,-0.12,-1.13,9.61,-0.39,-1.29,9.71,-0.26,29
315.75,-7.37,-91.06,-0.10,0.23,-0.02,0.41,0.02,0.08,-1.08,9.91,0.11,-1.27,9.72,-0.18,29
314.88,-7.44,-90.44,-0.60,0.07,0.07,0.39,-0.42,0.00,-0.80,9.57,0.33,-1.26,9.72,0.00,29
314.31,-7.56,-88.81,0.18,-0.05,-0.17,-0.11,0.51,0.12,-1.45,9.72,0.25,-1.31,9.71,0.16,29
315.62,-8.31,-90.19,0.12,-0.07,-0.15,-0.07,-0.37,-0.22,-1.49,9.32,-0.26,-1.42,9.70,-0.03,29
316.88,-8.56,-90.50,0.43,-0.25,-0.16,-0.06,-0.31,0.06,-1.53,9.37,-0.02,-1.46,9.69,-0.08,29
317.13,-9.25,-91.37,0.36,0.32,-0.27,-0.38,-0.32,-0.67,-1.98,9.34,-0.95,-1.60,9.67,-0.27,29
317.44,-9.75,-92.19,0.26,0.03,-0.14,-0.18,-0.08,-0.10,-1.85,9.57,-0.51,-1.67,9.65,-0.40,29
318.50,-10.56,-93.12,0.18,-0.06,-0.30,0.00,-0.06,-0.21,-1.83,9.55,-0.75,-1.82,9.62,-0.53,29
319.81,-11.31,-92.94,-0.21,-0.10,-0.19,0.05,-0.37,0.18,-2.22,8.99,-0.64,-1.94,9.59,-0.46,29
320.31,-11.88,-91.81,-0.17,-0.17,-0.11,-0.20,-0.61,0.14,-2.22,8.98,-0.16,-2.02,9.59,-0.30,29
321.06,-12.13,-91.56,-0.11,-0.01,-0.09,-0.30,-0.48,-0.18,-2.37,9.09,-0.45,-2.06,9.58,-0.26,29
320.94,-12.00,-90.50,-0.55,-0.13,0.18,-0.06,-0.49,-0.01,-1.86,9.62,0.36,-2.02,9.59,-0.02,29
320.44,-11.56,-89.13,-0.03,-0.03,-0.02,0.57,-0.84,0.89,-1.83,9.39,0.65,-1.98,9.60,0.12,29
320.31,-11.81,-89.50,0.07,0.06,-0.04,0.22,0.11,0.19,-1.94,9.83,0.10,-2.02,9.59,0.07,29
320.56,-12.19,-89.56,0.01,0.07,-0.18,0.16,0.12,0.04,-2.06,9.90,0.12,-2.09,9.58,0.06,29
320.94,-13.13,-89.31,-0.23,0.07,-0.33,0.18,-0.03,0.03,-2.04,9.51,0.14,-2.22,9.54,0.11,29
321.50,-14.56,-88.75,-0.16,0.35,-0.50,0.06,-0.14,0.06,-2.40,9.33,0.26,-2.47,9.48,0.19,29
322.12,-16.00,-88.75,0.06,0.16,-0.49,0.04,-0.37,0.06,-2.74,9.12,0.26,-2.75,9.40,0.18,29
323.38,-17.50,-89.31,0.15,0.09,-0.41,-0.20,0.06,-0.02,-3.19,9.40,0.06,-2.98,9.33,0.09,29
324.50,-18.87,-89.44,-0.04,0.14,-0.45,0.00,-0.30,0.02,-3.27,9.00,0.01,-3.22,9.26,0.08,29
325.25,-20.37,-89.31,-0.13,0.22,-0.47,0.02,-0.39,0.09,-3.40,8.89,0.12,-3.45,9.17,0.11,29
326.31,-21.75,-88.81,-0.16,-0.17,-0.34,-0.11,-0.13,0.04,-3.75,8.97,0.23,-3.63,9.10,0.18,29
327.87,-22.81,-88.12,-0.07,-0.19,-0.33,-0.11,-0.43,0.48,-3.92,8.59,0.77,-3.81,9.03,0.29,29
329.06,-23.87,-87.88,-0.11,-0.06,-0.43,0.22,0.00,0.19,-3.79,8.95,0.54,-4.01,8.94,0.34,29
330.50,-25.31,-87.25,-0.09,-0.01,-0.39,0.30,0.09,-0.27,-4.03,8.94,0.45,-4.23,8.83,0.42,29
331.94,-26.75,-86.81,-0.08,-0.02,-0.45,0.01,-0.06,0.20,-4.59,8.22,0.85,-4.45,8.72,0.48,29
333.31,-28.19,-86.63,-0.09,-0.06,-0.44,-0.09,0.18,0.10,-4.84,8.59,0.69,-4.67,8.60,0.52,29
334.87,-29.81,-85.94,-0.16,0.01,-0.54,0.16,0.09,0.23,-4.71,8.58,0.82,-4.88,8.48,0.59,29
336.31,-31.62,-85.38,-0.13,-0.03,-0.47,0.06,-0.63,0.40,-5.08,7.68,1.07,-5.14,8.32,0.66,29
337.19,-32.63,-85.25,-0.02,0.00,-0.31,0.04,-0.01,-0.01,-5.27,8.19,0.67,-5.31,8.21,0.68,29
338.37,-33.81,-84.81,-0.15,0.00,-0.40,-0.01,-0.15,0.38,-5.52,7.93,0.98,-5.49,8.08,0.74,29
339.44,-35.06,-84.31,-0.10,-0.01,-0.31,-0.08,-0.01,0.24,-5.69,8.04,0.93,-5.66,7.96,0.79,29
340.44,-36.25,-83.94,-0.09,0.02,-0.38,0.10,-0.27,0.12,-5.76,7.35,0.99,-5.82,7.84,0.83,29
341.50,-37.19,-83.75,0.07,-0.08,-0.24,0.02,-0.12,0.06,-5.91,7.63,0.90,-5.93,7.76,0.84,29
342.62,-38.13,-83.56,-0.05,0.01,-0.32,0.05,-0.20,0.26,-6.00,7.45,1.12,-6.06,7.66,0.85,29
343.25,-38.88,-83.56,0.04,0.04,-0.21,-0.13,-0.18,0.07,-6.27,7.46,0.99,-6.17,7.57,0.84,29
343.94,-39.31,-83.56,0.12,0.03,-0.19,0.24,0.39,0.24,-6.24,7.45,1.06,-6.23,7.52,0.84,29
344.44,-40.44,-83.87,-0.04,0.26,-0.33,-0.29,-0.62,0.03,-6.90,6.71,0.59,-6.38,7.40,0.77,29
345.00,-40.88,-84.13,0.10,-0.08,-0.04,0.20,-0.02,0.46,-6.29,7.44,1.04,-6.42,7.37,0.74,29
345.31,-41.31,-84.37,-0.02,0.12,-0.19,-0.23,-0.41,0.23,-6.71,6.91,0.94,-6.47,7.32,0.71,29
345.81,-41.81,-84.50,-0.05,0.00,-0.18,-0.07,0.39,-0.06,-6.61,7.66,0.63,-6.54,7.27,0.69,29
346.44,-42.62,-84.00,-0.12,0.00,-0.35,0.06,-0.56,0.20,-6.60,6.59,0.95,-6.66,7.15,0.75,29
347.12,-43.50,-83.62,-0.02,-0.04,-0.20,0.15,-0.08,0.17,-6.61,6.97,0.96,-6.76,7.05,0.78,29
347.69,-44.06,-83.31,-0.03,0.01,-0.15,-0.21,-0.60,0.33,-6.99,6.67,1.00,-6.83,6.98,0.81,29
347.88,-44.44,-83.31,-0.04,0.05,-0.15,-0.01,0.10,0.23,-6.89,6.89,0.99,-6.88,6.93,0.80,29
348.19,-45.00,-83.31,-0.03,0.04,-0.11,-0.12,0.00,0.09,-7.06,6.88,0.90,-6.94,6.88,0.80,29
348.50,-45.44,-83.12,-0.04,0.02,-0.17,-0.03,-0.05,0.17,-7.02,6.77,0.98,-6.99,6.82,0.81,29
348.94,-46.00,-82.94,-0.06,0.01,-0.19,0.10,-0.46,0.28,-6.96,6.27,1.12,-7.06,6.74,0.83,29
349.25,-46.31,-82.94,0.02,-0.01,-0.03,-0.09,-0.17,0.25,-7.19,6.53,1.09,-7.09,6.71,0.83,29
349.37,-46.44,-82.62,-0.00,0.00,0.01,0.10,-0.24,0.23,-7.10,6.52,1.11,-7.10,6.70,0.86,29
349.31,-46.37,-82.69,0.02,-0.02,0.04,-0.05,-0.16,0.20,-7.11,6.54,1.16,-7.10,6.70,0.86,29
349.25,-46.31,-82.62,0.01,0.00,0.02,0.04,0.08,0.09,-7.05,6.80,0.95,-7.09,6.71,0.86,29
349.31,-46.25,-82.50,0.00,-0.07,0.00,0.00,0.10,0.25,-7.08,6.82,1.13,-7.09,6.71,0.88,29
349.37,-46.37,-82.25,-0.07,-0.03,-0.03,0.09,-0.26,0.10,-7.00,6.43,1.02,-7.10,6.70,0.91,29
349.37,-46.25,-82.19,0.03,-0.07,0.05,0.07,-0.12,0.26,-7.01,6.58,1.19,-7.08,6.71,0.92,29
349.31,-46.19,-82.06,-0.00,0.02,0.04,0.04,-0.33,0.15,-7.09,6.38,1.26,-7.07,6.72,0.93,29
349.12,-45.94,-82.25,0.09,-0.04,0.10,0.03,0.05,0.02,-7.00,6.73,1.02,-7.04,6.76,0.91,29
349.06,-45.75,-82.25,-0.01,0.01,0.02,-0.21,-0.29,0.20,-7.24,6.47,1.12,-7.03,6.77,0.91,29
348.87,-45.50,-82.37,0.05,-0.03,0.09,-0.10,-0.03,0.19,-7.10,6.77,1.09,-7.00,6.80,0.90,29
348.81,-45.31,-82.44,0.02,0.01,0.07,0.02,-0.10,0.03,-6.90,6.64,0.91,-6.97,6.83,0.89,29
348.44,-45.00,-82.56,0.04,0.03,0.14,0.17,0.19,0.05,-6.73,7.04,0.93,-6.92,6.88,0.89,29
348.06,-44.69,-82.69,-0.04,-0.01,0.07,-0.22,-0.12,0.04,-7.20,6.67,0.93,-6.89,6.91,0.88,29
347.63,-44.31,-82.50,-0.01,-0.04,0.19,-0.06,-0.59,0.41,-6.85,6.38,1.34,-6.83,6.97,0.90,29
346.56,-43.25,-82.75,-0.01,0.02,0.39,-0.10,-0.41,0.03,-6.83,6.66,0.93,-6.72,7.07,0.89,29
345.19,-41.81,-83.06,0.09,-0.00,0.48,0.09,-0.15,0.30,-6.44,7.10,1.18,-6.53,7.25,0.88,29
344.00,-40.44,-83.75,0.18,0.06,0.54,-0.09,-0.15,0.28,-6.42,7.29,1.08,-6.32,7.44,0.79,29
342.50,-38.81,-84.56,0.14,0.02,0.45,-0.10,0.58,-0.04,-6.22,8.24,0.67,-6.11,7.62,0.70,29
341.50,-37.81,-84.81,0.04,0.02,0.29,0.26,-0.19,0.19,-5.79,7.36,0.94,-5.99,7.73,0.68,29
340.44,-36.56,-85.38,0.18,-0.00,0.45,-0.18,-0.13,-0.17,-5.79,8.14,0.59,-5.81,7.87,0.61,29
339.31,-35.38,-85.69,0.02,0.06,0.34,0.08,-0.36,0.07,-5.59,7.60,0.66,-5.67,7.97,0.59,29
338.00,-33.81,-86.25,0.16,-0.02,0.54,0.23,-0.19,0.14,-5.22,7.93,0.66,-5.46,8.12,0.52,29
336.37,-32.13,-86.94,0.22,0.05,0.70,-0.19,0.21,0.10,-5.35,8.54,0.52,-5.16,8.32,0.42,29
334.50,-30.25,-87.69,0.09,0.03,0.40,-0.05,0.57,-0.05,-4.87,8.88,0.15,-4.92,8.47,0.33,29
333.06,-29.19,-87.37,-0.22,0.12,0.41,0.04,-0.67,0.11,-4.79,8.01,0.53,-4.75,8.56,0.39,29
330.69,-27.31,-87.25,0.01,0.01,0.67,0.14,-0.31,0.04,-4.49,8.58,0.51,-4.44,8.73,0.40,29
328.88,-25.06,-87.81,0.16,-0.05,0.63,-0.34,0.16,-0.04,-4.50,9.04,0.28,-4.15,8.87,0.32,29
327.56,-23.25,-87.94,0.08,-0.15,0.47,-0.06,-0.07,-0.26,-3.93,8.93,0.05,-3.87,9.00,0.31,29
326.75,-22.06,-87.69,-0.21,-0.07,0.34,0.00,0.08,0.21,-3.65,9.17,0.59,-3.65,9.09,0.38,29
325.50,-21.12,-86.87,-0.30,0.10,0.23,-0.30,-0.11,0.14,-3.82,9.02,0.65,-3.51,9.13,0.51,29
324.50,-20.31,-86.31,-0.06,-0.08,0.27,-0.13,0.00,0.40,-3.51,9.18,0.99,-3.38,9.18,0.59,29
323.81,-19.69,-86.56,0.13,0.27,0.13,0.23,-0.61,0.19,-3.06,8.77,0.45,-3.29,9.22,0.51,29
323.25,-19.19,-88.19,0.44,0.20,0.13,-0.19,0.27,-0.40,-3.42,9.53,-0.12,-3.22,9.25,0.23,29
321.75,-17.75,-86.81,-0.63,-0.25,0.57,1.11,0.40,0.84,-1.88,9.72,1.36,-2.99,9.32,0.51,29
320.44,-16.75,-86.63,0.35,0.01,0.28,-0.27,0.07,0.04,-3.07,9.45,0.56,-2.80,9.38,0.51,29
320.00,-16.12,-88.37,0.63,0.00,0.20,-0.19,-0.03,0.09,-2.90,9.38,0.30,-2.71,9.42,0.20,29
319.75,-15.31,-89.25,-0.14,0.03,0.21,0.06,-0.35,-0.75,-2.51,9.11,-0.62,-2.57,9.46,0.12,29
318.56,-14.56,-87.94,-0.77,0.02,0.30,0.00,-0.17,0.01,-2.43,9.31,0.41,-2.43,9.48,0.40,29
317.06,-13.69,-86.00,-0.44,-0.01,0.26,0.00,-0.20,0.06,-2.30,9.40,0.90,-2.30,9.50,0.68,29
316.69,-13.19,-86.44,0.39,-0.08,0.06,-0.01,0.65,0.50,-2.26,10.18,1.09,-2.24,9.52,0.58,29
317.06,-13.00,-87.50,0.16,-0.02,0.07,-0.14,-0.37,-0.50,-2.35,9.17,-0.09,-2.21,9.54,0.40,29
317.06,-12.81,-87.88,0.33,-0.09,0.01,-0.10,-0.20,0.09,-2.28,9.34,0.41,-2.18,9.55,0.32,29
317.56,-12.63,-88.94,-0.15,0.02,0.11,0.12,-0.32,-0.24,-2.01,9.23,-0.05,-2.13,9.56,0.19,29
316.38,-12.13,-87.25,-0.32,-0.05,0.16,-0.23,-0.01,0.70,-2.28,9.56,1.18,-2.04,9.57,0.48,29
316.69,-11.63,-87.62,0.21,-0.07,0.07,0.15,0.57,-0.17,-2.12,9.43,-0.23,-1.98,9.59,0.38,29
315.81,-11.69,-86.19,-0.84,0.16,0.01,-0.15,-0.51,-0.33,-2.15,9.06,0.29,-1.99,9.58,0.63,29
316.00,-11.50,-85.94,0.50,-0.19,0.06,-0.17,-0.37,-0.07,-2.13,9.21,0.59,-1.96,9.58,0.67,29
316.44,-11.19,-86.94,0.17,-0.19,0.12,-0.06,-0.33,-0.17,-1.96,9.26,0.34,-1.90,9.60,0.51,29
316.19,-10.69,-87.00,-0.04,-0.05,0.09,-0.11,0.17,0.08,-1.94,9.79,0.58,-1.82,9.62,0.50,29
316.31,-10.69,-87.06,0.09,-0.09,-0.04,-0.07,0.56,0.35,-1.90,10.18,0.84,-1.82,9.62,0.49,29
316.75,-11.19,-87.06,-0.10,0.08,-0.29,-0.05,0.28,-0.25,-2.00,9.88,0.24,-1.94,9.59,0.49,29
317.87,-12.56,-86.75,-0.07,-0.08,-0.35,0.20,0.16,0.07,-1.92,9.71,0.61,-2.16,9.54,0.54,29
319.19,-13.62,-86.31,-0.07,-0.08,-0.30,-0.32,-0.58,-0.09,-2.64,8.92,0.50,-2.34,9.50,0.61,29
320.25,-14.13,-86.44,0.11,-0.13,-0.09,-0.34,-0.54,-0.12,-2.74,8.94,0.45,-2.40,9.49,0.57,29
320.19,-13.88,-86.25,-0.18,-0.02,0.20,-0.30,-0.48,-0.06,-2.66,9.01,0.55,-2.35,9.49,0.61,29
319.06,-12.94,-85.44,-0.29,0.03,0.36,-0.14,-0.02,-0.14,-2.34,9.50,0.60,-2.20,9.52,0.75,29
317.81,-12.06,-84.87,-0.11,0.10,0.32,0.00,-0.24,0.24,-2.02,9.31,1.08,-2.02,9.55,0.84,29
316.63,-10.69,-85.19,0.10,-0.07,0.48,0.09,-0.29,-0.27,-1.73,9.30,0.52,-1.82,9.60,0.80,29
315.06,-9.06,-85.12,-0.03,-0.07,0.49,-0.13,-0.23,0.09,-1.68,9.41,0.90,-1.54,9.64,0.81,29
313.56,-7.50,-85.19,0.03,0.02,0.44,0.03,0.14,0.00,-1.25,9.83,0.80,-1.29,9.68,0.80,29,29
312.25,-6.31,-85.19,0.02,0.02,0.33,0.08,0.12,0.00,-1.00,9.83,0.81,-1.08,9.71,0.80,29,29
311.06,-5.12,-85.50,0.07,0.01,0.36,0.16,0.49,0.01,-0.71,10.23,0.77,-0.88,9.73,0.75,29
310.25,-4.44,-85.44,-0.09,0.09,0.23,-0.03,-0.24,-0.17,-0.77,9.50,0.60,-0.73,9.74,0.77,29
309.12,-3.69,-85.38,-0.04,0.09,0.22,0.01,0.46,-0.20,-0.62,10.21,0.58,-0.63,9.75,0.78,29
308.63,-3.12,-85.25,-0.04,0.03,0.21,-0.08,-0.55,-0.04,-0.62,9.20,0.75,-0.53,9.75,0.80,29
307.50,-2.12,-85.12,-0.03,0.01,0.32,0.12,0.15,-0.12,-0.23,9.91,0.70,-0.36,9.76,0.83,29
306.69,-1.31,-85.25,-0.01,0.07,0.25,-0.14,-0.30,-0.15,-0.37,9.46,0.64,-0.22,9.77,0.80,29
305.75,-0.31,-85.19,-0.05,-0.03,0.26,0.08,-0.09,-0.03,0.02,9.67,0.78,-0.05,9.77,0.81,29
305.12,0.19,-85.12,-0.03,0.02,0.21,-0.13,-0.22,-0.06,0.13,9.77,0.70,0.06,9.77,0.82,29
304.13,1.06,-85.06,-0.12,-0.04,0.26,0.14,0.19,0.03,0.33,9.96,0.87,0.18,9.76,0.83,29
303.69,1.56,-85.00,0.04,-0.06,0.12,-0.28,-0.58,-0.12,0.00,9.18,0.72,0.27,9.76,0.85,29
303.25,2.06,-85.06,0.03,0.05,0.06,0.05,0.12,-0.17,0.41,9.89,0.65,0.36,9.76,0.83,29
303.00,2.12,-85.12,0.02,-0.01,0.10,-0.22,-0.26,-0.25,0.14,9.49,0.56,0.36,9.76,0.82,29
302.62,2.62,-85.25,0.02,-0.04,0.15,0.03,-0.14,-0.04,0.49,9.61,0.75,0.45,9.76,0.80,29
302.25,3.00,-85.12,-0.11,0.05,0.14,-0.07,-0.10,-0.20,0.49,9.70,0.70,0.53,9.75,0.84,29
301.62,3.69,-85.00,0.05,-0.14,0.32,0.09,-0.12,0.01,0.73,9.62,0.86,0.63,9.74,0.84,29
301.19,4.37,-85.00,-0.06,0.02,0.12,-0.10,0.16,-0.16,0.65,9.90,0.67,0.75,9.74,0.84,29
300.50,5.25,-84.75,-0.06,-0.08,0.32,0.22,0.09,-0.10,1.12,9.81,0.78,0.89,9.72,0.88,29
300.38,5.81,-84.69,0.01,-0.05,0.11,-0.29,-0.20,-0.33,0.70,9.50,0.56,1.00,9.71,0.89,29
300.31,6.31,-84.62,-0.06,-0.11,0.08,-0.09,-0.16,0.01,0.99,9.53,0.92,1.08,9.70,0.90,29
300.25,6.56,-84.50,-0.09,0.00,0.14,-0.01,-0.12,-0.04,1.12,9.57,0.89,1.13,9.69,0.93,29
299.81,7.00,-84.00,-0.24,0.02,0.11,-0.13,-0.12,-0.23,1.06,9.55,0.77,1.20,9.67,1.02,29
299.50,7.31,-83.50,-0.14,0.03,0.08,-0.01,0.24,0.05,1.23,9.90,1.14,1.25,9.66,1.09,29
299.37,7.56,-83.25,-0.10,-0.05,0.02,0.15,0.22,-0.12,1.44,9.87,1.01,1.29,9.65,1.14,29
299.81,7.25,-83.06,-0.06,-0.08,-0.09,-0.15,-0.31,-0.06,1.09,9.33,1.10,1.24,9.65,1.17,29
300.13,7.06,-82.88,-0.07,0.00,-0.05,-0.01,-0.09,-0.20,1.19,9.56,1.00,1.21,9.65,1.20,29
300.25,7.06,-82.62,-0.13,-0.08,0.11,-0.20,-0.44,-0.08,1.01,9.20,1.17,1.22,9.64,1.25,29
300.06,7.44,-82.12,-0.12,0.01,0.13,-0.22,-0.17,-0.04,1.17,9.42,1.37,1.29,9.62,1.33,29
299.62,8.00,-82.44,0.16,-0.09,0.20,0.03,-0.03,-0.05,1.41,9.59,1.21,1.37,9.62,1.27,29
299.12,8.75,-82.75,0.02,-0.04,0.23,0.02,-0.17,-0.03,1.52,9.44,1.18,1.50,9.61,1.21,29
298.56,9.50,-82.88,0.03,-0.07,0.17,0.12,0.16,0.00,1.74,9.76,1.19,1.62,9.59,1.19,29
298.19,9.94,-82.88,0.00,-0.01,0.13,0.03,-0.18,-0.18,1.75,9.40,1.00,1.71,9.58,1.18,29
297.69,10.50,-82.88,-0.02,-0.01,0.19,0.05,-0.13,-0.12,1.65,9.14,1.07,1.80,9.56,1.19,29
296.94,11.25,-82.62,-0.08,0.00,0.23,-0.07,-0.26,0.00,1.84,9.26,1.22,1.91,9.53,1.23,29
296.19,11.94,-82.44,0.01,0.02,0.16,-0.01,0.04,-0.10,2.02,9.55,1.14,2.03,9.51,1.25,29
295.50,12.56,-82.44,0.04,0.01,0.17,-0.14,-0.27,-0.24,1.99,9.21,1.00,2.13,9.48,1.25,29
295.06,13.00,-82.56,0.07,-0.02,0.13,-0.51,-0.49,-0.15,1.71,8.98,1.06,2.22,9.47,1.21,29
294.44,13.69,-82.81,0.05,-0.01,0.21,0.05,-0.11,-0.11,2.40,9.33,1.06,2.34,9.44,1.18,29
293.75,14.25,-82.69,-0.02,0.04,0.15,-0.10,-0.35,-0.07,2.31,9.07,1.12,2.43,9.42,1.20,29
293.06,14.87,-82.62,0.02,-0.01,0.20,0.21,0.17,-0.20,2.73,9.57,1.01,2.52,9.39,1.21,29
292.87,15.13,-82.56,0.01,-0.03,0.07,-0.10,-0.23,-0.01,2.47,9.15,1.20,2.57,9.38,1.21,29
292.50,15.50,-82.50,0.00,0.02,0.11,0.17,-0.14,-0.18,2.80,9.21,1.04,2.63,9.36,1.22,29
292.19,15.75,-82.56,0.02,-0.03,0.11,-0.04,-0.19,-0.05,2.69,9.29,1.20,2.67,9.35,1.21,29
291.94,16.06,-82.37,-0.06,0.03,0.03,0.09,0.02,-0.12,2.54,9.11,1.09,2.71,9.34,1.24,29
291.88,16.12,-82.37,0.05,-0.00,0.06,-0.21,-0.27,-0.18,2.50,9.06,1.05,2.72,9.33,1.24,29
291.63,16.44,-82.44,-0.03,-0.04,0.08,-0.17,-0.36,-0.12,2.60,8.95,1.10,2.78,9.32,1.22,29
291.38,16.69,-82.44,0.00,0.01,0.07,-0.17,-0.05,-0.02,2.64,9.25,1.19,2.82,9.31,1.22,29
291.12,16.94,-82.44,-0.04,-0.01,0.07,-0.08,-0.23,-0.15,2.91,9.10,1.12,2.86,9.29,1.23,29
291.00,17.00,-82.25,-0.01,0.02,0.01,0.00,-0.15,-0.01,2.78,9.13,1.19,2.87,9.29,1.25,29
290.81,17.19,-82.31,-0.03,0.02,0.14,-0.08,-0.41,-0.17,2.92,9.13,1.07,2.91,9.27,1.24,29
290.31,17.69,-82.00,-0.08,0.04,0.08,0.17,0.13,-0.01,3.15,9.38,1.27,2.98,9.25,1.29,29
290.25,17.69,-82.06,0.03,-0.02,0.01,0.01,-0.24,-0.11,3.00,9.00,1.16,2.98,9.25,1.28,29
290.19,17.75,-82.19,0.03,-0.03,0.03,0.02,-0.18,0.00,3.01,9.21,1.18,2.99,9.25,1.26,29
290.19,17.81,-82.19,-0.06,0.02,0.03,-0.09,-0.12,-0.15,2.92,9.09,1.14,3.00,9.24,1.26,29
290.06,17.87,-82.06,-0.05,-0.01,0.03,-0.33,-0.33,-0.20,2.98,9.10,1.23,3.02,9.24,1.28,29
290.06,17.87,-82.00,0.02,0.03,-0.03,-0.01,-0.23,-0.12,2.95,9.02,1.13,3.01,9.24,1.29,29
290.00,17.94,-82.12,0.02,-0.03,0.04,0.02,-0.17,-0.06,3.04,9.07,1.20,3.02,9.24,1.26,29
290.00,18.00,-82.12,-0.01,0.06,-0.03,0.07,0.18,-0.01,3.10,9.42,1.26,3.02,9.23,1.27,29
290.00,17.81,-82.31,0.14,-0.03,-0.06,-0.06,-0.21,-0.06,2.89,8.99,1.11,2.99,9.25,1.22,29
290.00,17.81,-82.37,-0.16,-0.00,0.14,-0.68,-0.76,-0.34,2.77,8.75,0.88,3.02,9.24,1.24,29
289.69,18.31,-82.19,-0.01,-0.05,0.05,-0.02,0.08,0.02,3.04,9.35,1.22,3.09,9.22,1.26,29
289.69,18.37,-82.12,-0.05,0.02,0.02,0.28,0.09,-0.05,3.32,9.12,1.14,3.09,9.21,1.27,29
289.75,18.37,-82.19,-0.01,-0.07,0.04,0.00,-0.19,0.11,3.10,9.02,1.38,3.09,9.21,1.26,29
289.69,18.50,-82.06,-0.02,0.04,0.12,-0.45,-0.53,-0.14,2.66,8.67,1.13,3.11,9.21,1.27,29
289.12,19.00,-82.06,-0.01,0.03,0.11,0.20,0.09,-0.01,3.26,9.28,1.30,3.19,9.18,1.27,29
289.06,18.94,-82.00,-0.03,-0.02,0.02,-0.01,0.01,-0.02,3.38,9.17,1.13,3.19,9.18,1.28,29
289.12,18.94,-82.12,0.05,-0.03,-0.05,-0.12,-0.28,-0.03,3.12,8.90,1.22,3.18,9.18,1.26,29
289.19,18.87,-82.12,-0.01,0.03,0.01,-0.01,-0.08,-0.21,3.25,9.21,1.15,3.17,9.19,1.26,29
289.31,18.75,-82.25,0.04,-0.02,-0.12,-0.04,0.08,-0.07,3.10,9.28,1.16,3.15,9.20,1.24,29
290.00,18.06,-82.25,0.00,0.01,-0.28,-0.14,-0.04,-0.01,2.89,9.19,1.23,3.04,9.23,1.25,29
290.75,17.25,-82.50,0.09,0.04,-0.29,0.06,-0.09,0.02,2.94,9.20,1.24,2.88,9.29,1.21,29
291.63,16.12,-82.50,0.03,0.09,-0.35,-0.37,-0.37,-0.24,2.61,9.01,1.11,2.69,9.34,1.22,29
292.37,15.25,-82.75,0.10,0.02,-0.24,0.17,0.20,-0.12,2.75,9.55,1.00,2.55,9.39,1.17,29
293.44,14.06,-82.69,-0.05,0.04,-0.38,0.20,0.30,-0.21,2.69,9.73,1.05,2.35,9.44,1.21,29
294.94,12.44,-82.31,-0.13,0.07,-0.54,0.07,0.04,0.06,2.19,9.53,1.33,2.11,9.49,1.27,29
296.94,10.31,-82.12,-0.03,0.05,-0.61,-0.16,-0.38,0.03,1.59,9.17,1.35,1.75,9.55,1.31,29
298.50,8.56,-81.94,-0.12,0.10,-0.72,-0.13,-0.02,0.05,1.25,9.58,1.42,1.39,9.61,1.37,29
300.87,5.94,-81.37,-0.20,0.08,-0.75,0.13,0.06,0.14,0.86,9.55,1.65,0.95,9.64,1.47,29
303.12,3.44,-80.87,-0.19,0.13,-0.74,-0.08,-0.22,-0.01,0.45,9.46,1.48,0.52,9.66,1.57,29
305.44,0.62,-80.06,-0.30,0.21,-0.92,-0.66,-0.89,0.20,-0.54,8.88,1.70,0.03,9.65,1.70,29
307.19,-2.00,-79.00,-0.42,0.39,-0.78,0.17,0.18,0.12,-0.17,9.80,1.98,-0.34,9.62,1.86,29
309.19,-5.56,-77.50,-0.51,0.55,-1.19,0.26,0.33,-0.07,-0.69,9.86,2.02,-0.96,9.52,2.10,29
310.38,-9.00,-75.31,-0.87,0.74,-0.98,-0.03,-0.46,-0.32,-1.67,8.87,2.19,-1.64,9.33,2.51,29
311.31,-12.50,-72.81,-0.73,0.78,-0.87,-0.41,-0.47,-0.50,-2.49,8.51,2.62,-2.21,9.11,2.86,29
312.75,-15.38,-71.56,-0.32,0.34,-0.67,-0.28,-1.15,-0.21,-2.80,8.30,2.87,-2.67,8.94,3.00,29
313.69,-17.62,-70.50,-0.47,0.30,-0.53,-0.11,-1.23,-0.44,-3.08,7.95,3.12,-3.01,8.78,3.14,29
313.87,-18.56,-69.37,-0.25,0.08,-0.04,-0.04,-0.37,-0.11,-3.17,8.32,3.16,-3.13,8.69,3.27,29
314.19,-18.69,-68.94,-0.01,-0.15,-0.05,-0.10,-0.32,-0.11,-3.25,8.34,3.22,-3.14,8.66,3.33,29
314.69,-18.50,-69.06,0.13,-0.15,0.05,-0.28,-0.26,0.27,-3.39,8.42,3.58,-3.10,8.69,3.31,29
314.88,-18.19,-69.25,0.01,-0.07,0.03,0.05,-0.15,0.06,-3.01,8.55,3.35,-3.06,8.71,3.29,29
315.37,-18.06,-70.06,0.50,-0.18,-0.03,-0.08,0.42,0.11,-3.13,9.20,3.24,-3.04,8.77,3.13,29
317.00,-18.31,-72.56,1.32,-0.24,-0.27,-0.06,-0.04,-0.44,-3.21,8.39,2.06,-3.10,8.91,2.66,29
320.50,-18.31,-76.12,0.79,-0.64,-0.04,0.11,-0.27,0.57,-2.97,8.76,2.80,-3.07,9.04,2.20,29
320.56,-17.75,-75.37,-0.64,-0.21,0.29,0.42,-0.52,0.00,-2.57,8.51,2.34,-2.99,9.03,2.35,29
319.44,-16.62,-73.12,-0.76,-0.07,0.37,-0.26,-0.32,0.16,-3.04,8.65,2.94,-2.78,8.98,2.78,29
317.75,-15.44,-70.69,-0.92,0.01,0.38,-0.39,-0.38,-0.05,-2.97,8.52,3.14,-2.58,8.90,3.20,29
316.56,-14.19,-67.81,-0.88,-0.21,0.32,-0.04,-0.08,0.15,-2.41,8.69,3.82,-2.36,8.78,3.66,29
315.25,-12.88,-64.56,-1.22,-0.01,0.40,-0.21,-0.24,0.16,-2.37,8.33,4.37,-2.15,8.58,4.21,29
312.31,-11.94,-59.13,-1.96,0.41,0.52,-0.37,-0.31,-0.04,-2.40,7.92,4.87,-2.00,8.15,5.06,29
309.87,-11.12,-53.63,-1.38,0.18,0.37,0.00,-0.04,0.34,-1.89,7.70,6.04,-1.89,7.74,5.70,29
