orix,oriy,oriz,gyrox,gyroy,gyroz,linerx,linery,linerz,accx,accy,accz,gravx,gravy,gravz,temps
268.94,9.94,41.13,-0.05,-0.02,0.03,-0.01,-0.23,0.08,1.67,-6.59,7.35,1.69,-6.36,7.26,27
268.94,9.94,41.19,-0.05,-0.01,0.05,0.05,-0.27,0.03,1.74,-6.64,7.30,1.68,-6.36,7.26,27
268.88,9.88,41.19,-0.08,0.01,0.08,0.01,-0.31,0.06,1.70,-6.69,7.31,1.68,-6.37,7.25,26
268.81,9.81,41.31,-0.09,0.01,0.09,-0.01,-0.31,0.03,1.66,-6.69,7.28,1.67,-6.38,7.25,26
268.75,9.75,41.38,-0.09,0.01,0.10,-0.08,-0.24,0.08,1.58,-6.63,7.32,1.67,-6.39,7.24,26
268.69,9.75,41.44,-0.10,0.02,0.12,-0.06,-0.11,0.18,1.58,-6.52,7.42,1.65,-6.41,7.23,26
268.63,9.69,41.50,-0.10,-0.01,0.14,-0.09,-0.07,0.25,1.54,-6.49,7.48,1.64,-6.42,7.22,26
268.50,9.56,41.63,-0.10,-0.02,0.15,-0.01,-0.13,0.27,1.62,-6.56,7.49,1.63,-6.42,7.22,26
268.38,9.50,41.69,-0.10,-0.04,0.15,0.10,-0.24,0.25,1.73,-6.68,7.46,1.62,-6.43,7.21,26
268.31,9.50,41.81,-0.10,-0.05,0.15,0.12,-0.19,0.28,1.78,-6.71,7.48,1.61,-6.45,7.20,26
268.19,9.44,41.88,-0.08,-0.04,0.16,0.17,-0.30,0.31,1.78,-6.77,7.50,1.60,-6.46,7.19,26
268.06,9.38,41.94,-0.08,-0.03,0.15,0.17,-0.27,0.26,1.77,-6.74,7.45,1.60,-6.47,7.19,26
267.94,9.31,42.00,-0.07,0.00,0.15,0.24,-0.28,0.22,1.83,-6.76,7.41,1.58,-6.48,7.18,26
267.88,9.25,42.06,-0.06,0.02,0.14,0.15,-0.16,0.10,1.72,-6.66,7.28,1.57,-6.49,7.17,26
267.81,9.19,42.06,-0.06,0.04,0.13,0.17,-0.15,0.05,1.73,-6.65,7.22,1.56,-6.49,7.17,26
267.69,9.06,42.19,-0.07,0.03,0.13,0.11,-0.31,0.00,1.67,-6.81,7.17,1.55,-6.50,7.17,26
267.63,9.06,42.25,-0.11,0.02,0.13,0.17,-0.41,-0.06,1.72,-6.93,7.09,1.53,-6.53,7.15,26
267.56,9.00,42.38,-0.14,0.02,0.15,0.10,-0.36,0.02,1.62,-6.91,7.16,1.52,-6.54,7.14,26
267.50,8.88,42.50,-0.20,0.03,0.23,0.06,-0.32,-0.02,1.57,-6.88,7.10,1.50,-6.56,7.12,26
267.25,8.69,42.75,-0.23,0.03,0.27,0.11,-0.24,-0.05,1.60,-6.83,7.06,1.48,-6.58,7.11,26
267.13,8.56,42.94,-0.27,0.03,0.29,0.06,-0.21,-0.08,1.53,-6.82,7.01,1.46,-6.60,7.09,26
266.94,8.44,43.13,-0.31,0.03,0.31,0.06,0.10,-0.23,1.48,-6.56,6.82,1.42,-6.66,7.05,26
266.81,8.31,43.38,-0.40,0.01,0.33,0.12,0.09,-0.24,1.52,-6.60,6.77,1.40,-6.69,7.02,26
266.44,8.06,43.88,-0.46,-0.01,0.33,0.08,0.08,-0.25,1.46,-6.64,6.74,1.38,-6.73,6.99,26
266.31,7.94,44.19,-0.53,-0.02,0.31,0.13,0.18,-0.21,1.49,-6.58,6.74,1.34,-6.81,6.92,26
266.19,7.81,44.50,-0.59,-0.02,0.30,0.02,-0.06,-0.06,1.34,-6.92,6.81,1.32,-6.86,6.87,26
265.88,7.56,45.31,-0.72,0.01,0.33,0.08,-0.04,0.00,1.38,-6.96,6.83,1.30,-6.91,6.83,26
265.81,7.44,45.75,-0.77,0.06,0.38,-0.05,-0.06,0.12,1.21,-7.03,6.90,1.27,-6.96,6.78,26
265.63,7.19,46.25,-0.82,0.10,0.43,-0.08,-0.14,0.13,1.15,-7.17,6.86,1.19,-7.09,6.66,26
265.44,7.00,46.75,-0.88,0.13,0.47,0.02,0.01,0.20,1.16,-7.13,6.81,1.14,-7.15,6.60,26
265.00,6.38,47.81,-0.97,0.23,0.57,-0.08,0.38,0.28,1.00,-6.83,6.82,1.09,-7.22,6.53,26
264.94,6.06,48.38,-1.02,0.25,0.60,0.09,0.61,0.19,1.12,-6.67,6.66,1.03,-7.29,6.47,26
264.69,5.69,48.94,-1.09,0.27,0.61,0.25,0.47,0.11,1.20,-7.21,6.37,0.92,-7.44,6.32,26
264.50,5.38,49.63,-1.18,0.26,0.58,0.42,0.15,0.05,1.29,-7.36,6.28,0.86,-7.52,6.23,26
264.13,4.69,51.06,-1.33,0.37,0.51,0.50,0.13,0.23,1.30,-7.47,6.37,0.80,-7.60,6.13,26
264.13,4.31,51.81,-1.36,0.44,0.51,0.24,0.19,0.49,0.98,-7.49,6.53,0.74,-7.69,6.03,26
264.06,3.94,52.63,-1.41,0.50,0.50,0.08,1.67,-1.97,0.14,-5.89,4.32,0.59,-7.86,5.83,26
263.94,3.44,53.44,-1.64,0.78,0.62,-0.51,1.47,-2.31,0.00,-6.47,3.39,0.50,-7.95,5.70,26
263.81,2.50,55.31,-1.82,0.71,0.50,-1.81,7.26,-6.55,-1.38,-0.79,-0.98,0.43,-8.05,5.57,26
263.94,2.19,56.50,-2.15,0.47,0.31,3.64,3.27,-3.49,4.02,-4.90,1.90,0.38,-8.17,5.40,26
263.94,2.06,57.88,-2.49,0.27,0.16,2.30,0.49,0.01,1.43,-7.28,4.89,0.33,-8.42,5.00,26
264.44,1.94,60.69,-2.55,0.50,-0.28,0.90,0.78,-0.02,1.24,-7.76,4.76,0.33,-8.54,4.79,26
264.88,2.00,62.06,-2.45,0.50,-0.41,1.01,0.23,0.05,1.36,-8.42,4.64,0.37,-8.75,4.40,26
265.88,2.19,63.25,-2.20,0.37,-0.55,1.03,-0.13,0.17,1.56,-9.82,4.74,0.40,-8.84,4.21,26
266.31,2.38,64.44,-2.20,0.37,-0.55,1.11,-0.70,0.84,1.56,-9.63,4.87,0.44,-8.92,4.03,26
267.38,2.75,66.75,-2.02,0.54,-0.55,1.91,-1.39,1.01,2.38,-10.39,4.87,0.49,-9.06,3.69,26
267.94,2.81,67.81,-1.92,0.66,-0.49,1.66,-0.91,1.76,1.04,-9.36,5.40,0.50,-9.13,3.53,26
268.69,2.94,68.81,-1.85,0.70,-0.48,0.62,-0.28,1.51,1.15,-9.47,4.89,0.53,-9.19,3.38,26
269.81,3.25,70.69,-1.73,0.54,-0.55,0.46,-0.37,1.47,1.03,-9.61,4.70,0.56,-9.24,3.22,26
270.38,3.50,71.56,-1.62,0.45,-0.62,0.59,-0.91,0.79,1.27,-10.70,3.45,0.66,-9.32,2.95,26
270.94,3.81,72.44,-1.51,0.33,-0.72,0.34,-1.78,0.27,1.07,-11.14,3.09,0.73,-9.36,2.82,26
272.25,4.75,73.88,-1.33,0.23,-0.99,-0.20,-2.05,0.10,0.61,-11.44,2.81,0.81,-9.39,2.70,26
273.00,5.25,74.56,-1.21,0.25,-1.01,-0.83,-1.70,0.01,-0.12,-11.04,2.66,0.98,-9.43,2.50,26
273.69,5.75,75.13,-0.98,0.21,-0.83,-1.29,-1.66,0.34,-0.23,-11.10,2.75,1.05,-9.44,2.41,26
274.81,6.50,76.13,-0.89,0.20,-0.71,-1.28,-1.62,0.51,-0.17,-11.08,2.84,1.11,-9.45,2.33,26
275.25,6.81,76.56,-0.83,0.20,-0.60,-1.11,-1.65,0.51,0.05,-11.12,2.77,1.20,-9.48,2.18,26
275.69,7.00,77.00,-0.81,0.23,-0.48,-0.55,-1.52,0.50,0.67,-11.02,2.62,1.23,-9.49,2.11,26
276.38,7.31,77.88,-0.86,0.28,-0.28,-0.36,-1.44,0.47,0.89,-10.95,2.51,1.25,-9.50,2.04,26
276.81,7.38,78.31,-0.90,0.32,-0.20,-0.38,-1.45,0.50,0.87,-10.97,2.46,1.26,-9.52,1.96,26
277.13,7.44,78.81,-0.95,0.36,-0.13,-0.49,-1.32,0.74,0.64,-10.77,2.36,1.26,-9.55,1.79,26
277.38,7.38,79.31,-0.97,0.42,-0.05,-0.61,-1.13,0.44,0.63,-10.71,2.15,1.25,-9.57,1.71,26
277.88,7.19,80.31,-0.97,0.53,0.12,-0.49,-0.79,0.87,0.74,-10.39,2.50,1.23,-9.59,1.62,26
278.06,7.06,80.88,-0.99,0.53,0.25,-0.63,-0.66,0.54,0.57,-10.27,2.08,1.20,-9.60,1.54,26
278.19,6.81,81.38,-1.01,0.56,0.35,-0.59,-0.74,0.43,0.83,-10.31,1.77,1.11,-9.64,1.36,26
278.31,6.50,81.94,-1.04,0.56,0.53,-0.15,-0.69,0.23,0.90,-10.35,1.50,1.05,-9.66,1.27,26
278.31,5.81,83.00,-1.06,0.54,0.59,-0.02,-0.73,-0.05,0.97,-10.41,1.12,0.99,-9.68,1.18,26
278.50,5.44,83.56,-1.07,0.51,0.63,0.09,-0.77,-0.08,1.03,-10.47,1.00,0.86,-9.71,0.98,26
278.44,5.06,84.19,-1.07,0.48,0.64,0.05,-0.62,-0.23,0.85,-10.35,0.65,0.80,-9.73,0.89,26
278.31,4.31,85.25,-1.00,0.44,0.60,0.03,-0.55,-0.15,0.77,-10.30,0.64,0.74,-9.74,0.80,26
278.25,4.00,85.75,-0.94,0.42,0.57,0.00,-0.51,-0.21,0.59,-10.23,0.41,0.63,-9.76,0.63,26
278.19,3.69,86.25,-0.86,0.40,0.53,-0.03,-0.46,-0.22,0.39,-10.02,0.43,0.58,-9.77,0.56,26
278.13,3.38,86.63,-0.65,0.32,0.44,-0.16,-0.21,-0.16,0.37,-9.99,0.33,0.54,-9.77,0.50,26
278.06,2.94,87.31,-0.56,0.27,0.39,-0.07,-0.15,-0.14,0.46,-9.75,0.17,0.47,-9.78,0.41,26
278.00,2.75,87.56,-0.48,0.21,0.34,0.16,0.04,-0.24,0.60,-9.73,0.13,0.44,-9.78,0.37,26
277.88,2.44,87.94,-0.33,0.11,0.25,0.24,0.04,-0.24,0.66,-9.74,0.09,0.41,-9.79,0.34,26
277.81,2.31,88.13,-0.28,0.07,0.20,0.27,0.10,-0.22,0.83,-9.57,0.03,0.38,-9.79,0.29,26
277.75,2.19,88.25,-0.23,0.03,0.15,0.48,0.28,-0.25,0.85,-9.51,0.02,0.37,-9.79,0.27,26
277.63,2.13,88.44,-0.17,0.01,0.08,0.46,0.33,-0.23,0.82,-9.46,0.02,0.36,-9.79,0.26,26
277.63,2.06,88.50,-0.15,0.02,0.07,0.44,0.44,-0.25,0.80,-9.34,-0.01,0.35,-9.79,0.24,26
277.63,2.06,88.63,-0.13,0.03,0.06,0.45,0.47,-0.29,0.79,-9.35,-0.02,0.34,-9.79,0.22,26
277.63,2.00,88.69,-0.10,0.04,0.03,0.41,0.42,-0.21,0.76,-9.37,0.00,0.34,-9.79,0.21,26
277.69,2.06,88.81,-0.08,0.04,0.00,0.41,0.40,-0.22,0.76,-9.39,-0.02,0.35,-9.79,0.20,27
277.75,2.13,88.81,-0.07,0.04,-0.02,0.42,0.33,-0.17,0.79,-9.46,0.02,0.37,-9.79,0.18,27
277.88,2.19,88.88,-0.05,0.03,-0.05,0.35,0.21,-0.07,0.74,-9.58,0.10,0.39,-9.79,0.17,27
277.94,2.25,88.94,-0.02,0.03,-0.10,0.34,0.16,-0.04,0.75,-9.62,0.13,0.40,-9.79,0.17,27
278.13,2.44,88.94,-0.01,0.03,-0.13,0.34,0.11,-0.01,0.76,-9.67,0.16,0.42,-9.79,0.17,27
278.25,2.50,88.94,0.00,0.03,-0.14,0.30,0.05,-0.02,0.73,-9.74,0.15,0.45,-9.79,0.17,27
278.38,2.63,88.94,0.02,0.03,-0.15,0.27,-0.11,0.10,0.73,-9.91,0.28,0.46,-9.79,0.18,27
278.56,2.81,88.88,0.04,0.04,-0.17,0.19,-0.11,0.11,0.68,-9.91,0.29,0.48,-9.79,0.18,27
278.69,2.88,88.88,0.04,0.05,-0.17,0.12,-0.11,0.18,0.62,-9.90,0.37,0.49,-9.79,0.18,27
278.81,3.00,88.81,0.05,0.07,-0.17,0.18,-0.15,0.18,0.73,-10.00,0.35,0.53,-9.79,0.20,27
278.94,3.06,88.81,0.05,0.09,-0.16,0.18,-0.22,0.20,0.73,-10.01,0.41,0.54,-9.78,0.20,27
279.25,3.25,88.75,0.04,0.10,-0.15,0.19,-0.22,0.19,0.76,-10.01,0.41,0.56,-9.78,0.21,27
279.38,3.38,88.69,0.04,0.11,-0.14,0.21,-0.22,0.20,0.79,-10.01,0.42,0.57,-9.78,0.21,27
279.50,3.44,88.63,0.04,0.11,-0.13,0.17,-0.19,0.25,0.76,-9.98,0.48,0.60,-9.78,0.23,27
279.63,3.50,88.63,0.04,0.10,-0.13,0.16,-0.16,0.23,0.78,-9.94,0.47,0.61,-9.78,0.23,27
279.88,3.69,88.56,0.03,0.10,-0.12,0.07,-0.15,0.23,0.70,-9.93,0.48,0.63,-9.78,0.24,27
280.00,3.75,88.50,0.03,0.09,-0.12,0.08,-0.12,0.18,0.72,-9.90,0.42,0.64,-9.78,0.24,27
280.13,3.81,88.50,0.03,0.07,-0.11,0.03,-0.12,0.12,0.68,-9.90,0.37,0.65,-9.78,0.25,27
280.19,3.88,88.44,0.04,0.07,-0.11,0.03,-0.11,0.18,0.71,-9.89,0.45,0.67,-9.77,0.26,27
280.31,3.94,88.44,0.04,0.05,-0.11,0.08,-0.12,0.20,0.76,-9.90,0.47,0.68,-9.77,0.26,27
280.50,4.06,88.38,0.05,0.04,-0.11,0.08,-0.13,0.18,0.78,-9.91,0.45,0.69,-9.77,0.27,27
280.56,4.13,88.31,0.05,0.05,-0.13,0.05,-0.15,0.18,0.76,-9.93,0.46,0.70,-9.77,0.28,27
280.69,4.19,88.31,0.05,0.05,-0.14,0.01,-0.14,0.15,0.83,-9.97,0.40,0.73,-9.77,0.29,27
280.81,4.25,88.25,0.07,0.06,-0.15,0.11,-0.23,0.05,0.86,-10.00,0.35,0.74,-9.77,0.30,27
281.06,4.44,88.13,0.07,0.06,-0.16,0.09,-0.26,0.03,0.85,-10.03,0.34,0.76,-9.77,0.30,27
281.19,4.56,88.13,0.07,0.05,-0.17,-0.04,-0.28,-0.06,0.74,-10.05,0.26,0.79,-9.76,0.32,27
281.25,4.63,88.06,0.06,0.03,-0.18,-0.07,-0.32,-0.11,0.73,-10.09,0.20,0.81,-9.76,0.32,27
281.50,4.81,88.00,0.05,0.03,-0.17,-0.10,-0.30,-0.15,0.72,-10.07,0.17,0.82,-9.76,0.33,27
281.50,4.88,88.00,0.05,0.02,-0.16,-0.09,-0.36,-0.20,0.74,-10.12,0.12,0.85,-9.76,0.33,27
281.63,5.00,88.00,0.05,0.02,-0.14,-0.15,-0.36,-0.22,0.70,-10.13,0.07,0.86,-9.76,0.34,27
281.69,5.06,87.94,0.05,0.01,-0.11,-0.12,-0.37,-0.19,0.74,-10.13,0.15,0.87,-9.76,0.34,27
281.75,5.13,87.94,0.06,0.01,-0.09,-0.05,-0.40,-0.16,0.82,-10.16,0.18,0.88,-9.76,0.34,27
281.81,5.19,87.88,0.07,0.00,-0.08,-0.02,-0.43,-0.11,0.86,-10.20,0.25,0.89,-9.75,0.35,27
281.88,5.19,87.88,0.07,-0.00,-0.06,-0.04,-0.42,-0.13,0.84,-10.18,0.22,0.89,-9.75,0.36,27
281.88,5.25,87.81,0.07,0.00,-0.05,-0.03,-0.40,-0.14,0.86,-10.16,0.22,0.90,-9.75,0.37,27
281.94,5.25,87.75,0.07,0.01,-0.05,-0.03,-0.39,-0.10,0.87,-10.14,0.21,0.91,-9.75,0.38,27
281.94,5.31,87.75,0.07,0.01,-0.04,-0.03,-0.39,-0.16,0.87,-10.10,0.21,0.91,-9.75,0.38,27
281.94,5.31,87.69,0.07,0.01,-0.03,-0.04,-0.30,-0.20,0.87,-10.06,0.18,0.91,-9.75,0.39,27
282.00,5.31,87.63,0.08,0.00,-0.02,-0.02,-0.30,-0.10,0.89,-10.05,0.29,0.91,-9.75,0.40,27
282.00,5.31,87.56,0.08,0.01,-0.02,-0.01,-0.31,-0.08,0.91,-10.03,0.34,0.91,-9.75,0.41,27
281.94,5.38,87.56,0.07,0.00,-0.01,-0.02,-0.28,-0.07,0.89,-10.03,0.34,0.91,-9.75,0.41,27
281.94,5.38,87.50,0.06,-0.00,-0.00,-0.04,-0.24,-0.05,0.87,-9.99,0.37,0.91,-9.75,0.42,27
281.94,5.38,87.44,0.05,-0.01,0.00,-0.03,-0.21,-0.01,0.86,-9.95,0.41,0.91,-9.75,0.43,27
281.94,5.31,87.44,0.04,-0.01,0.01,-0.03,-0.15,0.00,0.88,-9.90,0.43,0.91,-9.75,0.43,27
281.88,5.31,87.38,0.03,-0.02,0.03,-0.01,-0.14,-0.01,0.89,-9.90,0.41,0.91,-9.75,0.43,27
281.81,5.31,87.38,0.02,-0.03,0.04,0.00,-0.11,0.00,0.91,-9.87,0.42,0.90,-9.75,0.43,27
281.81,5.25,87.38,0.01,-0.03,0.05,0.11,-0.06,0.01,1.01,-9.81,0.45,0.89,-9.75,0.44,27
281.75,5.25,87.38,0.01,-0.03,0.05,0.15,-0.06,0.05,1.05,-9.82,0.49,0.89,-9.75,0.44,27
281.69,5.19,87.38,0.01,-0.03,0.04,0.16,-0.05,0.06,1.05,-9.80,0.51,0.89,-9.75,0.44,27
281.63,5.19,87.38,0.01,-0.04,0.03,0.19,-0.04,0.07,1.08,-9.79,0.52,0.88,-9.75,0.44,27
281.63,5.19,87.38,0.02,-0.04,0.02,0.15,0.01,0.11,1.04,-9.74,0.55,0.89,-9.75,0.44,27
281.56,5.19,87.31,0.03,-0.04,-0.00,0.14,0.02,0.07,1.03,-9.73,0.52,0.89,-9.75,0.45,27
281.56,5.19,87.31,0.03,-0.04,-0.02,0.07,0.04,0.07,0.97,-9.71,0.52,0.89,-9.75,0.45,27
281.50,5.19,87.31,0.04,-0.04,-0.02,0.10,0.03,0.08,1.03,-9.69,0.55,0.89,-9.75,0.46,27
281.50,5.25,87.25,0.04,-0.04,-0.03,0.13,0.04,0.11,1.03,-9.71,0.58,0.90,-9.75,0.46,27
281.50,5.25,87.19,0.04,-0.03,-0.02,0.11,0.03,0.12,1.01,-9.72,0.59,0.90,-9.75,0.46,27
281.50,5.31,87.19,0.05,-0.03,-0.03,0.11,0.01,0.05,1.08,-9.76,0.52,0.91,-9.75,0.47,27
281.56,5.31,87.13,0.05,-0.03,-0.05,0.16,-0.01,0.07,1.08,-9.76,0.55,0.91,-9.75,0.48,27
281.56,5.38,87.13,0.05,-0.03,-0.06,0.12,-0.03,0.08,1.04,-9.78,0.57,0.92,-9.75,0.48,27
281.50,5.44,87.06,0.04,-0.03,-0.07,0.12,-0.02,0.09,1.05,-9.77,0.59,0.93,-9.74,0.49,27
281.50,5.44,87.06,0.04,-0.02,-0.07,0.06,-0.04,0.09,1.01,-9.79,0.56,0.94,-9.74,0.49,27
281.56,5.50,87.06,0.03,-0.01,-0.09,0.05,-0.04,0.03,1.01,-9.79,0.53,0.95,-9.74,0.50,27
281.69,5.63,87.00,0.03,0.00,-0.10,0.03,-0.06,0.04,0.99,-9.81,0.55,0.96,-9.74,0.50,27
281.75,5.69,87.00,0.02,0.01,-0.10,0.06,-0.12,0.05,1.03,-9.86,0.55,0.98,-9.74,0.50,27
281.81,5.75,87.00,0.02,0.01,-0.11,0.04,-0.13,0.05,1.05,-9.90,0.57,0.99,-9.74,0.51,27
281.88,5.81,86.94,0.01,0.02,-0.11,-0.01,-0.14,0.10,0.99,-9.88,0.62,1.00,-9.74,0.51,27
282.00,5.94,86.94,0.01,0.02,-0.11,-0.02,-0.17,0.13,0.99,-9.91,0.64,1.01,-9.74,0.51,27
282.00,6.00,86.94,0.00,0.03,-0.11,0.00,-0.14,0.14,1.03,-9.88,0.65,1.02,-9.73,0.51,27
282.13,6.06,86.94,-0.00,0.03,-0.11,0.00,-0.16,0.15,1.03,-9.92,0.66,1.04,-9.73,0.51,27
282.19,6.13,86.94,-0.00,0.04,-0.11,-0.05,-0.15,0.11,1.00,-9.88,0.63,1.05,-9.73,0.51,27
282.31,6.19,86.94,0.01,0.04,-0.11,-0.03,-0.18,0.13,1.03,-9.91,0.65,1.06,-9.73,0.51,27
282.38,6.25,86.94,0.02,0.05,-0.11,0.02,-0.21,0.14,1.10,-9.94,0.66,1.07,-9.73,0.51,27
282.50,6.31,86.88,0.03,0.05,-0.11,-0.02,-0.20,0.15,1.10,-9.94,0.64,1.09,-9.73,0.52,27
282.56,6.38,86.88,0.02,0.05,-0.11,0.02,-0.21,0.18,1.13,-9.93,0.71,1.10,-9.72,0.52,27
282.75,6.50,86.88,0.01,0.06,-0.11,0.00,-0.19,0.19,1.11,-9.92,0.72,1.11,-9.72,0.52,27
282.69,6.56,86.81,0.00,0.06,-0.11,-0.01,-0.24,0.21,1.11,-9.96,0.75,1.12,-9.72,0.53,27
282.81,6.63,86.81,0.00,0.07,-0.11,0.01,-0.22,0.25,1.13,-9.96,0.78,1.14,-9.72,0.53,27
282.88,6.69,86.81,0.01,0.07,-0.10,-0.06,-0.22,0.23,1.09,-9.94,0.77,1.15,-9.72,0.53,27
283.06,6.81,86.75,0.02,0.07,-0.10,-0.03,-0.24,0.23,1.12,-9.96,0.77,1.16,-9.72,0.54,27
283.13,6.81,86.75,0.02,0.07,-0.09,0.00,-0.25,0.19,1.16,-9.97,0.74,1.17,-9.72,0.54,27
283.25,6.88,86.75,0.03,0.06,-0.08,-0.01,-0.22,0.18,1.21,-9.90,0.71,1.18,-9.71,0.55,27
283.31,6.94,86.69,0.04,0.05,-0.06,0.03,-0.21,0.15,1.22,-9.93,0.71,1.19,-9.71,0.56,27
283.38,6.94,86.63,0.04,0.05,-0.05,0.06,-0.18,0.08,1.25,-9.90,0.65,1.19,-9.71,0.56,27
283.38,7.00,86.63,0.04,0.03,-0.04,0.07,-0.15,0.05,1.26,-9.87,0.62,1.19,-9.71,0.57,27
283.44,7.00,86.56,0.03,0.03,-0.03,0.09,-0.16,0.04,1.32,-9.87,0.58,1.20,-9.71,0.57,27
283.44,7.00,86.56,0.03,0.03,-0.03,0.14,-0.11,0.01,1.35,-9.82,0.59,1.20,-9.71,0.57,27
283.50,7.06,86.56,0.02,0.03,-0.03,0.15,-0.11,0.01,1.36,-9.82,0.60,1.20,-9.71,0.58,27
283.44,7.06,86.50,0.02,0.03,-0.03,0.18,-0.13,0.02,1.39,-9.84,0.60,1.21,-9.71,0.58,27
283.50,7.06,86.50,0.02,0.04,-0.03,0.14,-0.10,0.03,1.38,-9.83,0.59,1.21,-9.71,0.58,27
283.56,7.13,86.50,0.02,0.04,-0.04,0.17,-0.07,0.02,1.39,-9.79,0.61,1.22,-9.71,0.59,27
283.63,7.19,86.50,0.01,0.04,-0.04,0.18,-0.06,0.06,1.40,-9.77,0.65,1.22,-9.71,0.59,27
283.81,7.19,86.50,0.01,0.05,-0.04,0.13,-0.06,0.09,1.36,-9.77,0.68,1.23,-9.71,0.59,27
283.88,7.19,86.44,0.00,0.05,-0.04,0.14,-0.09,0.06,1.38,-9.80,0.65,1.24,-9.70,0.59,27
283.94,7.25,86.44,0.01,0.06,-0.04,0.11,-0.07,0.09,1.35,-9.78,0.68,1.24,-9.70,0.59,27
284.06,7.25,86.44,-0.00,0.07,-0.04,0.13,-0.05,0.08,1.38,-9.76,0.68,1.24,-9.70,0.59,27
284.19,7.31,86.44,-0.00,0.08,-0.03,0.10,-0.04,0.08,1.35,-9.74,0.68,1.25,-9.70,0.59,27
284.25,7.31,86.44,-0.00,0.08,-0.03,0.12,-0.01,0.07,1.38,-9.72,0.67,1.25,-9.70,0.59,27
284.31,7.31,86.44,-0.00,0.08,-0.03,0.16,-0.03,0.05,1.42,-9.74,0.65,1.26,-9.70,0.60,27
284.44,7.38,86.44,-0.00,0.09,-0.04,0.15,-0.06,0.04,1.42,-9.77,0.64,1.26,-9.70,0.60,27
284.50,7.38,86.38,-0.00,0.09,-0.04,0.17,-0.07,0.02,1.44,-9.77,0.62,1.26,-9.70,0.60,27
284.63,7.44,86.38,-0.01,0.09,-0.05,0.16,-0.12,0.00,1.44,-9.82,0.61,1.27,-9.70,0.60,27
284.69,7.44,86.38,-0.01,0.09,-0.06,0.12,-0.14,0.00,1.40,-9.84,0.61,1.28,-9.70,0.60,27
284.75,7.50,86.38,-0.03,0.10,-0.07,0.09,-0.16,0.00,1.38,-9.86,0.60,1.29,-9.70,0.60,27
284.94,7.56,86.44,-0.04,0.10,-0.07,0.08,-0.15,-0.03,1.38,-9.85,0.56,1.29,-9.70,0.60,27
285.06,7.63,86.44,-0.04,0.10,-0.06,0.08,-0.19,-0.01,1.38,-9.89,0.58,1.30,-9.70,0.59,27
285.13,7.63,86.44,-0.04,0.10,-0.06,0.04,-0.21,-0.04,1.37,-9.92,0.58,1.31,-9.70,0.59,27
285.19,7.63,86.44,-0.03,0.09,-0.04,0.08,-0.22,0.00,1.39,-9.92,0.58,1.31,-9.70,0.59,27
285.31,7.69,86.50,-0.03,0.09,-0.03,0.02,-0.21,0.01,1.33,-9.91,0.60,1.31,-9.69,0.59,27
285.38,7.69,86.50,-0.03,0.09,-0.03,0.04,-0.23,0.00,1.36,-9.93,0.59,1.32,-9.69,0.58,27
285.44,7.69,86.50,-0.03,0.09,-0.02,0.06,-0.20,0.00,1.38,-9.90,0.58,1.32,-9.69,0.58,27
285.56,7.69,86.50,-0.02,0.08,-0.01,0.07,-0.17,-0.02,1.39,-9.87,0.55,1.32,-9.69,0.58,27
285.56,7.69,86.56,-0.02,0.08,-0.01,0.04,-0.16,-0.05,1.37,-9.86,0.52,1.32,-9.69,0.58,27
285.63,7.69,86.56,-0.02,0.08,-0.00,0.03,-0.12,-0.03,1.35,-9.82,0.54,1.32,-9.69,0.58,27
285.63,7.69,86.56,-0.01,0.08,0.00,0.10,-0.12,-0.02,1.42,-9.82,0.55,1.32,-9.69,0.58,27
285.69,7.69,86.56,-0.01,0.08,0.01,0.10,-0.10,-0.02,1.42,-9.80,0.55,1.32,-9.69,0.58,27
285.75,7.69,86.56,-0.01,0.08,0.01,0.09,-0.10,0.01,1.41,-9.80,0.59,1.32,-9.69,0.58,27
285.81,7.69,86.56,-0.01,0.07,0.01,0.06,-0.07,-0.02,1.38,-9.77,0.55,1.31,-9.70,0.58,27
285.88,7.69,86.56,-0.01,0.07,0.01,0.07,-0.07,-0.06,1.38,-9.77,0.51,1.31,-9.70,0.58,27
285.88,7.69,86.56,-0.02,0.06,0.00,0.08,0.00,-0.08,1.40,-9.71,0.49,1.31,-9.70,0.57,27
285.94,7.69,86.56,-0.02,0.05,-0.00,0.07,0.00,-0.08,1.39,-9.69,0.49,1.31,-9.70,0.57,27
286.00,7.69,86.56,-0.02,0.05,-0.00,0.12,0.00,-0.07,1.44,-9.71,0.50,1.31,-9.70,0.57,27
286.00,7.69,86.56,-0.02,0.05,-0.01,0.12,0.01,-0.02,1.46,-9.73,0.58,1.32,-9.70,0.57,27
286.06,7.69,86.56,-0.02,0.05,-0.02,0.14,-0.02,0.02,1.47,-9.72,0.59,1.32,-9.70,0.57,27
286.13,7.75,86.63,-0.02,0.05,-0.02,0.13,-0.04,0.05,1.45,-9.74,0.62,1.32,-9.69,0.57,27
286.19,7.75,86.63,-0.01,0.06,-0.03,0.09,-0.05,0.02,1.42,-9.75,0.59,1.32,-9.69,0.57,27
286.25,7.75,86.63,-0.01,0.06,-0.03,0.10,-0.04,0.03,1.43,-9.74,0.61,1.33,-9.69,0.57,27
286.25,7.81,86.56,0.00,0.05,-0.03,0.10,-0.05,0.03,1.44,-9.75,0.61,1.33,-9.69,0.57,27
286.38,7.81,86.56,0.01,0.05,-0.03,0.13,-0.02,0.02,1.47,-9.72,0.59,1.34,-9.69,0.57,27
286.38,7.81,86.56,0.01,0.03,-0.03,0.14,-0.06,0.01,1.49,-9.76,0.59,1.34,-9.69,0.57,27
286.44,7.88,86.56,0.00,0.03,-0.02,0.17,-0.08,0.02,1.57,-9.81,0.64,1.34,-9.69,0.57,27
286.44,7.88,86.56,-0.01,0.03,-0.02,0.22,-0.08,0.07,1.57,-9.78,0.65,1.35,-9.69,0.57,27
286.56,7.94,86.56,-0.02,0.03,-0.03,0.18,-0.09,0.06,1.53,-9.78,0.64,1.35,-9.69,0.57,27
286.56,7.94,86.56,-0.02,0.03,-0.03,0.18,-0.06,0.07,1.54,-9.75,0.64,1.36,-9.69,0.57,27
286.63,7.94,86.56,-0.02,0.03,-0.03,0.17,-0.02,0.07,1.54,-9.71,0.64,1.36,-9.69,0.57,27
286.69,8.00,86.63,-0.00,0.03,-0.03,0.19,-0.03,0.05,1.56,-9.72,0.62,1.36,-9.69,0.57,27
286.75,8.00,86.56,0.00,0.03,-0.03,0.19,-0.04,0.03,1.57,-9.73,0.60,1.37,-9.69,0.57,27
286.75,8.06,86.56,0.01,0.03,-0.03,0.17,-0.05,0.02,1.55,-9.74,0.60,1.37,-9.69,0.57,27
286.81,8.06,86.56,0.02,0.03,-0.04,0.16,-0.06,0.01,1.53,-9.75,0.61,1.38,-9.69,0.57,27
286.88,8.06,86.56,0.02,0.03,-0.05,0.18,-0.12,0.05,1.57,-9.81,0.63,1.39,-9.69,0.57,27
286.81,8.13,86.56,0.01,0.02,-0.05,0.09,-0.11,0.04,1.49,-9.80,0.63,1.39,-9.68,0.58,27
286.88,8.19,86.50,0.01,0.03,-0.05,0.12,-0.14,0.03,1.52,-9.83,0.61,1.40,-9.68,0.58,27
286.94,8.19,86.50,0.01,0.04,-0.05,0.00,-0.13,0.03,1.41,-9.82,0.62,1.41,-9.68,0.58,27
287.00,8.25,86.50,0.00,0.04,-0.05,-0.03,-0.09,0.00,1.38,-9.78,0.58,1.41,-9.68,0.58,27
287.06,8.31,86.50,-0.00,0.04,-0.05,-0.07,-0.08,0.00,1.34,-9.76,0.59,1.42,-9.68,0.58,27
287.13,8.31,86.50,-0.01,0.04,-0.04,-0.09,-0.02,-0.01,1.33,-9.71,0.56,1.42,-9.68,0.58,27
287.13,8.31,86.50,-0.01,0.04,-0.03,-0.04,-0.01,0.00,1.42,-9.71,0.59,1.42,-9.68,0.58,27
287.19,8.38,86.50,-0.03,0.04,-0.02,0.05,-0.04,0.00,1.48,-9.72,0.57,1.43,-9.68,0.57,27
287.25,8.38,86.56,-0.04,0.05,-0.02,0.06,-0.05,0.01,1.49,-9.74,0.58,1.43,-9.68,0.57,27
287.25,8.38,86.56,-0.05,0.05,-0.03,0.08,0.00,0.00,1.51,-9.69,0.57,1.43,-9.68,0.57,27
287.31,8.38,86.63,-0.06,0.06,-0.03,0.06,0.02,0.00,1.47,-9.62,0.54,1.44,-9.68,0.56,27
287.38,8.44,86.63,-0.07,0.06,-0.06,0.02,0.06,0.00,1.47,-9.61,0.55,1.44,-9.68,0.55,27
287.50,8.50,86.69,-0.07,0.07,-0.07,-0.01,0.10,0.08,1.43,-9.57,0.64,1.45,-9.68,0.55,27
287.56,8.50,86.75,-0.06,0.08,-0.08,0.04,0.11,0.07,1.56,-9.59,0.59,1.46,-9.68,0.54,27
287.69,8.56,86.75,-0.05,0.07,-0.08,0.11,0.02,0.14,1.58,-9.65,0.68,1.47,-9.68,0.53,27
287.81,8.63,86.81,-0.04,0.07,-0.07,0.09,-0.03,0.10,1.57,-9.71,0.64,1.48,-9.67,0.53,27
287.94,8.69,86.81,-0.04,0.06,-0.07,0.07,-0.03,0.13,1.56,-9.71,0.66,1.49,-9.67,0.53,27
288.00,8.75,86.81,-0.04,0.06,-0.07,0.06,0.00,0.12,1.52,-9.64,0.60,1.49,-9.67,0.52,27
288.06,8.75,86.81,-0.04,0.07,-0.06,0.06,0.09,0.09,1.56,-9.58,0.62,1.50,-9.67,0.52,27
288.19,8.81,86.88,-0.03,0.06,-0.06,0.05,0.16,0.12,1.56,-9.51,0.65,1.51,-9.67,0.52,27
288.25,8.88,86.88,-0.03,0.05,-0.05,0.14,0.17,0.13,1.65,-9.49,0.65,1.51,-9.67,0.52,27
288.31,8.88,86.88,-0.02,0.04,-0.05,0.17,0.23,0.17,1.71,-9.36,0.70,1.52,-9.67,0.52,27
288.38,8.94,86.88,0.02,0.01,-0.06,0.15,0.34,0.15,1.68,-9.32,0.68,1.53,-9.67,0.52,27
288.44,9.00,86.81,0.04,-0.01,-0.07,0.12,0.35,0.17,1.67,-9.31,0.70,1.54,-9.66,0.53,27
288.50,9.06,86.75,0.07,-0.02,-0.09,0.07,0.46,0.30,1.62,-9.20,0.85,1.55,-9.66,0.54,27
288.56,9.13,86.69,0.08,-0.02,-0.11,0.08,0.44,0.35,1.68,-9.20,0.84,1.58,-9.66,0.56,27
288.63,9.25,86.63,0.10,-0.01,-0.16,0.13,0.37,0.20,1.72,-9.27,0.78,1.59,-9.65,0.57,27
288.81,9.44,86.44,0.11,-0.01,-0.18,0.16,0.29,0.18,1.78,-9.35,0.77,1.61,-9.65,0.59,27
288.94,9.56,86.38,0.12,-0.01,-0.20,0.19,0.25,0.14,1.83,-9.39,0.74,1.63,-9.64,0.60,27
289.06,9.69,86.31,0.13,-0.02,-0.23,0.10,0.24,0.13,1.57,-9.41,0.71,1.68,-9.64,0.63,27
289.19,9.88,86.19,0.14,-0.04,-0.25,0.31,0.05,-0.01,2.02,-9.57,0.62,1.71,-9.63,0.64,27
289.38,10.19,86.06,0.14,-0.08,-0.26,0.13,0.44,0.18,1.86,-9.18,0.84,1.73,-9.62,0.65,27
289.38,10.25,86.00,0.14,-0.15,-0.16,-0.78,-0.16,0.10,0.96,-9.79,0.76,1.75,-9.62,0.66,27
289.31,10.31,85.94,0.15,-0.19,-0.11,-0.47,-0.31,-0.02,1.06,-9.93,0.84,1.77,-9.61,0.69,27
289.25,10.44,85.88,0.18,-0.22,-0.14,-0.46,-0.33,0.14,1.32,-9.95,0.84,1.79,-9.61,0.70,27
289.19,10.56,85.69,0.19,-0.22,-0.15,-0.65,-0.33,0.06,1.15,-9.94,0.78,1.80,-9.61,0.71,27
289.13,10.69,85.63,0.19,-0.21,-0.15,-0.75,-0.35,0.02,1.06,-9.95,0.75,1.83,-9.60,0.74,27
289.06,10.75,85.56,0.17,-0.19,-0.14,-0.81,-0.48,-0.24,1.01,-10.09,0.51,1.83,-9.60,0.75,27
288.88,10.75,85.50,0.09,-0.14,-0.15,-0.59,-0.49,-0.26,1.23,-10.10,0.49,1.83,-9.60,0.75,27
288.88,10.81,85.50,0.03,-0.12,-0.15,-0.58,-0.52,-0.31,1.26,-10.12,0.43,1.86,-9.59,0.74,27
288.94,10.88,85.50,-0.02,-0.11,-0.15,-0.71,-0.44,-0.30,0.92,-9.98,0.43,1.87,-9.59,0.74,27
289.00,11.00,85.56,-0.10,-0.07,-0.17,-1.01,-0.31,-0.33,0.87,-9.91,0.40,1.89,-9.59,0.73,27
289.13,11.19,85.69,-0.13,-0.05,-0.17,-1.07,-0.33,-0.30,0.64,-9.82,0.58,1.92,-9.59,0.70,27
289.19,11.25,85.75,-0.14,-0.01,-0.15,-1.27,-0.25,-0.03,0.65,-9.84,0.65,1.93,-9.58,0.69,27
289.31,11.31,85.81,-0.09,0.12,-0.09,-1.21,-0.29,0.04,0.72,-9.88,0.73,1.94,-9.58,0.68,27
289.56,11.38,85.88,-0.04,0.18,-0.05,-1.14,-0.32,0.09,0.79,-9.91,0.77,1.94,-9.58,0.69,27
289.69,11.38,85.81,0.02,0.22,-0.02,-0.84,-0.78,-0.08,1.09,-10.37,0.61,1.94,-9.58,0.70,27
289.81,11.38,85.75,0.13,0.19,0.01,-0.58,-0.96,-0.25,1.35,-10.55,0.46,1.94,-9.58,0.71,27
289.94,11.38,85.56,0.16,0.14,0.00,-0.07,-1.44,-0.45,1.86,-11.02,0.28,1.94,-9.58,0.73,27
290.00,11.38,85.50,0.16,0.08,-0.01,-0.42,-1.48,-0.38,1.51,-11.06,0.38,1.94,-9.58,0.77,27
290.00,11.44,85.25,0.19,0.04,-0.05,-0.87,-1.41,-0.18,1.06,-10.99,0.60,1.94,-9.57,0.78,27
290.06,11.44,85.13,0.24,0.07,-0.04,-1.71,-1.35,0.22,0.24,-10.92,1.03,1.95,-9.57,0.81,27
290.13,11.44,84.94,0.30,0.13,-0.02,-1.77,-1.47,0.36,0.33,-11.33,1.15,1.94,-9.57,0.87,27
290.19,11.44,84.75,0.35,0.19,0.01,-0.58,-2.33,-0.23,1.36,-11.89,0.68,1.94,-9.56,0.91,27
290.25,11.38,84.25,0.40,0.23,0.06,-0.23,-2.43,-0.48,1.70,-12.00,0.47,1.93,-9.56,0.96,27
290.25,11.31,84.00,0.40,0.17,0.08,-0.34,-2.55,-0.63,1.58,-12.11,0.36,1.92,-9.56,1.00,27
290.19,11.25,83.75,0.40,0.08,0.09,0.02,-2.75,-0.97,1.07,-12.50,0.55,1.90,-9.55,1.07,27
289.88,11.06,83.38,0.37,-0.13,0.21,-1.40,-3.50,-0.29,0.47,-13.06,0.80,1.88,-9.55,1.10,27
289.56,10.94,83.19,0.38,-0.15,0.29,-1.16,-3.95,-0.20,0.70,-13.51,0.93,1.83,-9.56,1.16,27
289.31,10.75,83.00,0.35,-0.10,0.33,-1.38,-4.22,0.29,0.32,-14.06,1.67,1.79,-9.56,1.19,27
289.06,10.56,82.81,0.30,-0.05,0.50,-1.48,-4.89,0.68,0.26,-14.46,1.91,1.75,-9.57,1.22,27
288.31,9.94,82.56,0.26,-0.07,0.61,-2.14,-5.44,2.02,-0.44,-15.02,3.26,1.62,-9.58,1.26,27
287.88,9.56,82.44,0.19,-0.09,0.73,-1.76,-6.26,0.75,-0.51,-16.22,1.82,1.55,-9.59,1.27,27
287.38,9.06,82.44,0.09,-0.07,0.81,-1.97,-6.36,0.28,-0.50,-15.97,1.55,1.47,-9.61,1.27,27
286.38,8.06,82.44,-0.05,0.10,0.99,-1.67,-6.81,0.00,-0.29,-16.44,1.26,1.37,-9.62,1.27,27
285.69,7.31,82.56,-0.15,0.10,1.39,-1.42,-6.89,-0.12,-0.23,-16.51,1.18,1.09,-9.66,1.24,27
284.88,6.38,82.63,-0.24,0.06,1.75,-0.89,-7.11,-0.03,0.04,-16.79,1.18,0.93,-9.68,1.21,27
282.94,4.38,82.94,-0.28,0.04,1.88,-0.97,-6.94,-0.05,-0.21,-16.64,1.14,0.75,-9.70,1.19,27
281.88,3.31,83.13,-0.33,0.02,1.99,-0.62,-7.06,0.07,0.10,-16.82,1.31,0.37,-9.73,1.12,27
280.69,2.13,83.38,-0.40,0.01,2.26,-0.45,-7.22,0.30,-0.29,-16.97,1.39,0.15,-9.74,1.09,27
278.13,-0.38,83.81,-0.43,0.01,2.41,-0.30,-7.14,0.53,-0.37,-16.89,1.58,-0.06,-9.74,1.05,27
276.69,-1.81,84.06,-0.46,0.02,2.55,-0.05,-7.16,0.76,-0.36,-16.91,1.77,-0.56,-9.74,0.96,27
275.25,-3.25,84.31,-0.49,0.05,2.68,0.10,-6.94,1.40,-0.72,-16.67,2.32,-0.82,-9.72,0.91,27
272.06,-6.44,84.88,-0.54,0.10,2.94,0.08,-6.77,1.20,-1.01,-16.47,2.06,-1.10,-9.70,0.86,27
270.44,-8.13,85.19,-0.54,0.14,3.06,0.41,-6.85,1.10,-0.97,-16.52,1.91,-1.39,-9.67,0.80,27
268.75,-9.88,85.50,-0.52,0.15,3.15,0.79,-6.77,1.10,-0.98,-16.19,1.92,-1.99,-9.57,0.70,27
267.00,-11.69,85.75,-0.51,0.16,3.24,1.27,-6.60,1.30,-1.02,-16.11,1.96,-2.30,-9.51,0.65,27
263.31,-15.44,86.25,-0.46,0.18,3.40,1.42,-6.25,1.40,-1.19,-15.69,2.01,-2.61,-9.43,0.61,27
261.44,-17.38,86.50,-0.43,0.20,3.48,1.65,-6.14,1.41,-1.27,-15.48,1.98,-2.93,-9.34,0.56,27
259.50,-19.31,86.75,-0.41,0.22,3.55,1.89,-6.04,1.40,-1.46,-15.09,1.73,-3.57,-9.11,0.48,27
257.56,-21.31,86.94,-0.38,0.26,3.66,2.19,-5.84,0.83,-1.70,-14.83,1.27,-3.89,-8.98,0.43,27
253.56,-25.44,87.44,-0.38,0.26,3.73,2.34,-5.91,0.79,-1.87,-14.76,1.18,-4.21,-8.84,0.39,27
251.50,-27.56,87.63,-0.38,0.27,3.80,2.60,-5.95,0.75,-1.79,-14.19,0.80,-4.86,-8.50,0.30,27
249.31,-29.75,87.88,-0.38,0.27,3.91,2.72,-5.49,0.41,-2.47,-13.80,0.68,-5.20,-8.30,0.26,27
244.81,-34.31,88.38,-0.33,0.26,4.21,2.67,-5.49,0.33,-2.85,-13.58,0.55,-5.86,-7.85,0.18,27
242.44,-36.75,88.63,-0.30,0.28,4.31,3.21,-5.44,0.25,-2.34,-12.71,0.24,-6.19,-7.59,0.15,27
240.00,-39.19,88.81,-0.27,0.28,4.42,4.20,-5.06,0.02,-2.32,-12.38,0.14,-6.52,-7.31,0.11,27
235.00,-44.25,89.31,-0.27,0.23,4.57,4.39,-4.91,0.06,-2.44,-11.93,0.15,-6.84,-7.02,0.08,27
232.38,-46.75,89.56,-0.29,0.23,4.60,4.35,-4.40,0.17,-2.92,-10.78,0.17,-7.44,-6.38,0.01,27
229.75,-49.31,89.88,-0.33,0.21,4.66,4.84,-4.36,0.30,-2.88,-10.40,0.28,-7.72,-6.04,-0.02,27
224.44,-54.56,90.56,-0.35,0.18,4.70,5.21,-4.37,0.47,-2.77,-10.05,0.41,-7.98,-5.68,-0.05,27
221.69,-57.19,90.94,-0.36,0.14,4.75,5.32,-3.93,0.45,-2.97,-8.81,0.39,-8.47,-4.92,-0.11,27
218.88,-59.81,91.31,-0.36,0.12,4.78,5.53,-3.71,0.61,-3.16,-8.24,0.47,-8.69,-4.52,-0.14,27
213.31,-65.06,92.31,-0.37,0.13,4.76,5.44,-3.07,0.97,-3.44,-7.19,0.80,-8.89,-4.12,-0.16,27
210.50,-67.69,92.94,-0.39,0.14,4.74,5.56,-3.05,1.01,-3.50,-6.76,0.81,-9.23,-3.29,-0.22,27
207.69,-70.31,93.81,-0.39,0.15,4.71,5.86,-3.19,1.11,-3.51,-6.06,0.86,-9.37,-2.87,-0.24,27
202.19,-75.44,96.25,-0.38,0.14,4.59,5.94,-2.99,0.84,-3.54,-5.44,0.57,-9.49,-2.45,-0.26,27
199.50,-77.94,97.94,-0.35,0.09,4.54,6.08,-3.14,0.67,-3.50,-5.17,0.39,-9.59,-2.02,-0.28,27
196.81,-80.38,100.31,-0.33,0.03,4.51,6.11,-3.37,0.60,-3.82,-4.24,0.22,-9.73,-1.18,-0.29,27
194.13,-82.81,103.88,-0.31,-0.09,4.48,5.76,-2.98,0.52,-4.00,-3.74,0.23,-9.77,-0.76,-0.28,27
188.81,-87.44,178.00,-0.32,-0.13,4.49,5.83,-3.07,0.60,-3.96,-3.40,0.32,-9.79,-0.33,-0.27,27
186.13,-88.38,-179.44,-0.34,-0.16,4.49,5.87,-3.29,0.65,-3.92,-3.20,0.39,-9.78,0.51,-0.24,27
183.44,-86.63,-176.94,-0.36,-0.16,4.48,6.22,-3.38,0.56,-3.53,-2.45,0.33,-9.75,0.93,-0.22,27
178.13,-81.94,-98.94,-0.38,-0.13,4.40,6.23,-3.56,0.52,-3.47,-2.20,0.30,-9.71,1.35,-0.21,27
175.50,-79.56,-96.38,-0.36,-0.10,4.34,6.20,-3.54,0.43,-3.44,-1.78,0.23,-9.56,2.16,-0.18,27
172.94,-77.19,-94.81,-0.34,-0.08,4.28,6.04,-3.86,0.31,-3.48,-1.58,0.01,-9.46,2.54,-0.17,27
170.44,-74.88,-93.81,-0.30,-0.07,4.16,5.93,-4.31,0.09,-3.42,-1.38,-0.05,-9.35,2.92,-0.15,27
165.56,-70.31,-92.38,-0.32,-0.07,4.10,5.76,-4.42,0.10,-3.55,-0.86,0.10,-9.09,3.66,-0.12,27
163.13,-68.06,-91.88,-0.34,-0.08,4.07,5.54,-4.52,0.22,-3.63,-0.71,0.14,-8.94,4.01,-0.09,27
160.75,-65.81,-91.38,-0.41,-0.13,4.02,4.95,-4.65,0.14,-3.82,-0.29,0.07,-8.78,4.35,-0.06,27
155.94,-61.38,-90.44,-0.43,-0.17,3.99,4.83,-4.72,0.28,-3.57,0.25,0.41,-8.42,5.02,0.00,27
153.56,-59.13,-89.94,-0.45,-0.21,4.00,4.51,-4.63,0.35,-3.70,0.71,0.39,-8.21,5.35,0.04,27
148.75,-54.63,-89.13,-0.48,-0.21,4.08,5.03,-5.57,0.70,-2.96,0.09,0.79,-8.00,5.66,0.08,27
146.31,-52.31,-88.81,-0.42,-0.17,4.16,5.03,-5.92,0.95,-2.73,0.06,1.08,-7.51,6.30,0.15,27
143.88,-50.00,-88.56,-0.33,-0.11,4.24,4.24,-5.38,0.87,-2.99,1.22,1.05,-7.24,6.60,0.17,27
138.88,-45.19,-88.38,-0.23,-0.05,4.34,4.22,-5.27,0.90,-2.73,1.62,1.09,-6.96,6.90,0.19,27
136.44,-42.75,-88.31,-0.21,-0.03,4.37,4.24,-5.23,0.90,-2.41,1.95,1.10,-6.66,7.19,0.20,27
133.88,-40.31,-88.25,-0.21,-0.00,4.40,4.22,-5.50,1.01,-1.65,2.53,0.95,-6.02,7.73,0.23,27
131.38,-37.88,-88.25,-0.19,0.04,4.43,4.32,-5.09,0.48,-1.35,2.88,0.72,-5.68,7.98,0.24,27
126.25,-33.00,-88.31,-0.12,0.17,4.41,4.20,-5.17,0.48,-1.13,3.04,0.72,-5.34,8.22,0.24,27
123.69,-30.56,-88.38,-0.12,0.23,4.41,4.29,-5.46,-0.03,-0.69,2.97,0.20,-4.98,8.44,0.23,27
121.06,-28.06,-88.38,-0.15,0.29,4.42,4.12,-5.78,-0.43,-0.23,2.86,-0.30,-4.24,8.83,0.23,27
118.38,-25.63,-88.44,-0.20,0.39,4.45,4.18,-6.04,-0.50,0.32,2.96,-0.26,-3.86,9.01,0.23,27
112.94,-20.69,-88.44,-0.27,0.42,4.49,3.98,-5.99,-0.39,0.51,3.17,-0.14,-3.46,9.16,0.24,27
110.06,-18.19,-88.38,-0.34,0.47,4.53,3.60,-5.84,-0.08,0.64,3.74,0.40,-2.64,9.43,0.28,27
107.19,-15.63,-88.25,-0.41,0.52,4.60,3.35,-5.77,0.50,1.13,3.76,0.81,-2.22,9.54,0.31,27
101.25,-10.44,-87.88,-0.54,0.58,4.78,3.39,-5.75,0.11,1.61,3.87,0.47,-1.32,9.70,0.40,27
98.19,-7.75,-87.56,-0.62,0.57,4.84,2.78,-5.37,0.14,2.55,4.82,1.41,-0.87,9.75,0.46,27
95.19,-5.06,-87.25,-0.69,0.60,4.85,3.44,-4.89,0.81,3.02,4.88,1.34,-0.41,9.78,0.53,27
89.13,0.19,-86.44,-0.79,0.60,4.83,3.44,-4.91,0.55,3.48,4.87,1.15,0.03,9.78,0.60,27
86.19,2.81,-86.00,-0.77,0.59,4.78,3.50,-4.87,0.39,4.55,5.11,0.74,0.92,9.73,0.75,27
83.31,5.38,-85.56,-0.71,0.45,4.58,3.59,-4.37,-0.16,4.94,5.30,0.65,1.35,9.67,0.82,27
78.00,10.31,-84.63,-0.69,0.39,4.44,3.48,-4.12,-0.41,5.24,5.47,0.47,1.76,9.60,0.89,27
75.50,12.69,-84.19,-0.69,0.33,4.31,3.60,-3.92,-0.69,6.10,5.59,0.25,2.53,9.41,1.03,27
73.13,15.00,-83.69,-0.71,0.23,4.07,3.59,-3.80,-0.86,6.50,5.49,0.23,2.90,9.30,1.10,27
68.69,19.38,-82.69,-0.73,0.18,3.96,3.49,-3.73,-0.88,6.75,5.44,0.29,3.25,9.17,1.17,27
66.63,21.50,-82.13,-0.74,0.12,3.85,3.83,-3.83,-0.76,7.42,5.20,0.48,3.91,8.89,1.31,27
64.69,23.50,-81.56,-0.74,0.04,3.74,3.81,-4.07,-0.84,8.05,4.66,0.52,4.23,8.74,1.37,27
61.06,27.50,-80.56,-0.67,-0.15,3.57,4.27,-4.40,-0.84,8.81,4.17,0.57,4.53,8.57,1.42,27
59.38,29.44,-80.13,-0.64,-0.26,3.51,4.32,-4.44,-0.74,9.14,3.97,0.72,4.82,8.41,1.46,27
57.75,31.38,-79.69,-0.63,-0.38,3.46,4.49,-4.29,-0.57,9.90,4.02,1.07,5.38,8.05,1.51,27
56.25,33.31,-79.31,-0.57,-0.59,3.41,5.06,-3.36,0.15,10.72,4.49,1.68,5.65,7.86,1.52,27
53.25,37.13,-78.69,-0.51,-0.65,3.41,5.28,-2.91,0.39,11.21,4.75,1.92,5.92,7.66,1.53,27
51.75,39.06,-78.44,-0.44,-0.69,3.41,5.32,-2.39,0.50,11.50,5.05,2.02,6.43,7.24,1.50,27
50.31,41.00,-78.19,-0.39,-0.71,3.38,6.17,-1.36,0.54,12.84,5.66,2.03,6.67,7.02,1.49,27
47.31,44.69,-77.75,-0.33,-0.58,3.23,6.03,-0.83,0.54,12.93,5.98,2.01,6.89,6.81,1.47,27
45.88,46.44,-77.50,-0.30,-0.49,3.13,5.87,-0.30,0.65,13.53,6.54,2.40,7.30,6.38,1.44,27
44.81,48.06,-77.19,-0.29,-0.42,2.99,6.23,0.15,0.95,13.59,6.65,2.48,7.47,6.17,1.44,27
43.44,49.69,-76.81,-0.30,-0.24,2.63,6.06,0.69,1.15,13.70,6.67,2.59,7.63,5.98,1.44,27
41.00,52.44,-75.94,-0.33,-0.16,2.37,5.75,1.34,1.58,13.45,7.21,3.38,7.89,5.63,1.46,27
40.00,53.56,-75.44,-0.32,-0.10,2.10,5.81,1.51,1.38,13.80,7.00,2.85,7.99,5.48,1.47,27
38.88,55.44,-74.44,-0.27,-0.01,1.63,5.85,1.35,1.25,13.93,6.70,2.74,8.07,5.35,1.48,27
38.13,56.19,-73.94,-0.23,0.06,1.44,5.48,1.30,0.59,13.68,6.32,1.98,8.21,5.13,1.52,27
37.50,56.81,-73.44,-0.20,0.11,1.25,5.32,1.05,0.24,13.59,6.10,1.78,8.26,5.05,1.54,27
37.13,57.81,-72.50,-0.20,0.17,0.91,4.96,0.74,-0.04,13.26,5.72,1.52,8.30,4.97,1.56,27
36.75,58.19,-72.00,-0.20,0.17,0.76,4.95,0.67,-0.16,13.29,5.58,1.43,8.36,4.85,1.61,27
36.44,58.50,-71.63,-0.20,0.15,0.63,4.56,0.97,0.27,12.95,5.78,1.89,8.38,4.81,1.62,27
36.06,58.94,-71.06,-0.14,0.06,0.36,4.32,1.21,0.59,12.72,5.99,2.23,8.40,4.78,1.63,27
36.56,59.06,-70.94,-0.07,0.03,0.23,4.07,1.34,0.63,12.49,6.10,2.28,8.41,4.76,1.64,27
36.50,59.13,-70.88,0.00,0.02,0.10,3.97,1.37,0.52,12.28,6.00,1.73,8.41,4.75,1.64,27
36.50,59.06,-70.94,0.09,0.01,-0.04,3.82,1.18,-0.16,12.23,5.95,1.46,8.40,4.77,1.63,27
36.56,58.88,-71.25,0.21,-0.02,-0.25,3.68,1.12,-0.34,12.08,5.92,1.28,8.39,4.79,1.62,27
37.13,58.69,-71.56,0.26,-0.06,-0.33,3.70,0.95,-0.50,12.08,5.78,1.10,8.38,4.82,1.60,27
37.25,58.50,-71.94,0.31,-0.10,-0.42,3.47,0.72,-0.49,11.71,5.55,1.11,8.34,4.91,1.55,27
37.44,58.25,-72.44,0.37,-0.20,-0.64,3.29,0.56,-0.26,11.61,5.53,1.25,8.31,4.97,1.52,27
38.00,57.56,-73.56,0.37,-0.23,-0.77,3.04,0.56,0.00,11.33,5.60,1.48,8.28,5.03,1.48,27
39.06,57.13,-74.19,0.37,-0.24,-0.91,2.98,0.49,0.05,11.22,5.61,1.50,8.19,5.20,1.41,27
39.56,56.63,-74.81,0.37,-0.23,-1.04,2.96,0.27,0.15,11.10,5.57,1.53,8.13,5.29,1.37,27
40.69,55.38,-76.00,0.37,-0.19,-1.22,3.09,0.01,0.18,11.17,5.41,1.53,8.07,5.40,1.34,27
41.31,54.75,-76.56,0.37,-0.17,-1.30,3.19,-0.15,0.16,11.21,5.31,1.39,7.93,5.61,1.27,27
42.38,54.00,-77.13,0.37,-0.14,-1.37,3.27,-0.30,0.11,11.22,5.22,1.20,7.85,5.73,1.24,27
43.06,53.25,-77.69,0.35,-0.09,-1.53,3.41,-0.58,-0.07,11.19,5.26,1.15,7.77,5.85,1.22,27
44.63,51.56,-78.63,0.33,-0.08,-1.60,3.37,-0.67,-0.09,11.04,5.39,1.09,7.58,6.10,1.17,27
45.44,50.63,-79.06,0.31,-0.07,-1.66,3.45,-0.70,-0.08,10.98,5.50,1.10,7.48,6.23,1.15,27
46.63,49.69,-79.50,0.28,-0.04,-1.79,3.60,-0.73,-0.03,10.98,5.62,1.09,7.37,6.36,1.13,27
48.50,47.75,-80.25,0.26,-0.03,-1.85,3.75,-0.74,0.01,11.00,5.75,1.12,7.13,6.63,1.09,27
49.44,46.69,-80.56,0.25,-0.02,-1.90,4.31,-0.89,0.01,11.32,5.87,1.09,7.01,6.77,1.07,27
50.44,45.63,-80.94,0.27,-0.02,-2.02,4.61,-0.89,-0.01,11.48,6.01,1.04,6.87,6.90,1.06,27
52.94,43.38,-81.56,0.29,-0.01,-2.11,4.91,-0.89,-0.12,11.64,6.15,0.91,6.73,7.05,1.04,27
54.06,42.13,-81.88,0.29,-0.01,-2.21,5.40,-0.67,-0.30,11.97,6.69,0.60,6.41,7.34,1.00,27
55.25,40.88,-82.19,0.27,-0.03,-2.46,5.74,-0.60,-0.42,11.98,6.89,0.55,6.24,7.49,0.97,27
58.25,38.00,-82.81,0.19,-0.07,-2.74,5.97,-0.67,-0.68,12.01,6.99,0.28,6.04,7.66,0.96,27
59.75,36.50,-83.13,0.19,-0.07,-2.74,6.32,-1.02,-0.75,12.15,6.80,0.18,5.61,7.98,0.92,27
61.38,34.94,-83.38,0.15,-0.11,-2.88,6.73,-1.63,-0.52,12.12,6.51,0.38,5.38,8.14,0.90,27
64.94,31.44,-83.88,0.12,-0.21,-3.31,7.21,-2.12,-0.24,12.33,6.19,0.64,5.12,8.31,0.88,27
67.00,29.56,-84.13,0.14,-0.23,-3.45,7.61,-2.26,0.02,12.45,6.22,0.89,4.84,8.48,0.86,27
69.06,27.63,-84.44,0.15,-0.24,-3.59,7.88,-2.56,0.18,12.76,5.85,1.01,4.23,8.80,0.81,27
71.19,25.56,-84.69,0.20,-0.22,-3.92,9.01,-3.17,0.19,12.91,5.78,0.98,3.89,8.96,0.79,27
75.75,21.13,-85.19,0.20,-0.22,-4.10,9.53,-3.47,0.16,13.07,5.63,0.92,3.54,9.11,0.76,27
78.19,18.81,-85.38,0.19,-0.19,-4.25,10.11,-3.65,-0.15,13.27,5.59,0.58,2.77,9.37,0.72,27
80.69,16.38,-85.56,0.19,-0.16,-4.38,10.84,-3.96,-0.06,13.21,5.52,0.63,2.36,9.49,0.70,27
85.69,11.44,-85.88,0.18,-0.04,-4.52,11.66,-4.15,0.12,13.61,5.43,0.80,1.94,9.58,0.68,27
88.13,8.94,-86.00,0.21,0.04,-4.53,13.08,-4.06,1.00,14.61,5.60,1.67,1.09,9.72,0.64,27
90.56,6.44,-86.19,0.26,0.17,-4.52,13.85,-4.01,1.77,15.66,5.99,3.03,0.67,9.76,0.61,27
92.81,3.88,-86.38,0.32,0.62,-4.46,16.60,-3.33,3.10,16.85,6.45,3.69,0.24,9.78,0.58,27
96.94,-1.00,-86.69,0.24,0.87,-4.40,17.56,-2.79,3.19,16.94,7.64,3.04,-0.58,9.77,0.55,27
98.81,-3.38,-86.75,0.11,1.05,-4.27,17.53,-2.12,2.49,16.69,7.21,2.29,-0.96,9.74,0.55,27
100.38,-5.63,-86.75,-0.32,1.10,-3.62,17.67,-4.86,1.44,16.36,4.83,2.01,-1.31,9.70,0.57,27
103.00,-9.50,-86.44,-0.44,1.02,-3.19,18.25,-6.99,2.74,16.63,2.66,3.34,-1.87,9.60,0.61,27
104.00,-11.00,-86.31,-0.33,0.96,-2.67,17.00,-15.26,6.71,14.93,-5.69,7.31,-2.07,9.56,0.60,27
106.00,-13.13,-86.56,0.21,0.58,-1.66,15.09,-17.70,2.95,12.86,-8.16,3.52,-2.23,9.53,0.57,27
106.69,-13.81,-86.81,0.43,0.15,-1.28,13.81,-20.57,0.55,11.46,-11.06,1.08,-2.42,9.48,0.48,27
107.44,-14.31,-87.00,0.52,-0.36,-0.85,2.80,-11.59,-1.31,0.33,-2.11,-0.86,-2.47,9.47,0.45,27
108.94,-14.81,-87.44,0.63,-0.91,-0.42,2.27,-10.59,-0.84,-0.22,-1.11,-0.43,-2.50,9.47,0.41,27
110.44,-15.00,-87.69,0.66,-0.95,-0.40,1.95,-9.30,-0.16,-0.58,0.15,0.21,-2.54,9.46,0.37,27
111.25,-15.19,-87.88,0.66,-0.96,-0.39,2.17,-9.65,-0.19,-0.50,-0.22,-0.07,-2.60,9.44,0.30,27
112.06,-15.38,-88.13,0.66,-0.95,-0.39,2.22,-9.66,-0.17,-0.41,-0.22,0.08,-2.64,9.44,0.26,27
113.69,-15.81,-88.56,0.66,-0.94,-0.38,2.17,-9.65,-0.23,-0.50,-0.21,0.00,-2.67,9.43,0.23,27
115.13,-16.00,-88.75,0.66,-0.94,-0.38,2.26,-9.61,-0.17,-0.43,-0.19,0.02,-2.70,9.42,0.19,27
115.94,-16.19,-89.00,0.66,-0.94,-0.38,2.26,-9.54,-0.10,-0.45,-0.13,0.03,-2.77,9.40,0.12,27
116.69,-16.38,-89.19,0.66,-0.93,-0.37,2.31,-9.48,-0.04,-0.49,-0.08,0.04,-2.80,9.39,0.09,27
118.31,-16.81,-89.63,0.66,-0.93,-0.37,2.29,-9.43,0.01,-0.54,-0.04,0.07,-2.83,9.38,0.05,27
120.00,-17.00,-89.81,0.66,-0.93,-0.36,2.31,-9.40,0.03,-0.55,-0.02,0.05,-2.86,9.37,0.02,27
120.75,-17.19,-90.06,0.66,-0.92,-0.36,2.37,-9.34,0.11,-0.55,0.01,0.06,-2.93,9.35,-0.04,27
122.38,-17.56,-90.44,0.65,-0.92,-0.34,2.43,-9.26,0.15,-0.53,0.08,0.07,-2.96,9.34,-0.07,27
123.13,-17.75,-90.63,0.64,-0.92,-0.34,2.46,-9.20,0.24,-0.53,0.13,0.13,-3.02,9.32,-0.14,27
124.44,-17.94,-90.81,0.64,-0.92,-0.34,2.48,-9.10,0.28,-0.54,0.28,0.14,-3.06,9.31,-0.17,27
125.25,-18.19,-91.00,0.63,-0.92,-0.34,2.54,-8.99,0.34,-0.54,0.31,0.14,-3.09,9.30,-0.20,27
126.81,-18.56,-91.38,0.62,-0.92,-0.34,2.53,-8.98,0.37,-0.62,0.35,0.22,-3.15,9.28,-0.25,27
127.63,-18.75,-91.56,0.61,-0.92,-0.34,2.55,-8.86,0.55,-0.64,0.40,0.27,-3.19,9.26,-0.28,27
128.75,-18.94,-91.75,0.59,-0.91,-0.35,2.57,-8.84,0.60,-0.65,0.41,0.29,-3.22,9.25,-0.30,27
130.38,-19.38,-92.00,0.58,-0.91,-0.35,2.56,-8.77,0.62,-0.69,0.46,0.29,-3.29,9.22,-0.35,27
131.13,-19.63,-92.19,0.57,-0.91,-0.35,2.63,-8.75,0.74,-0.69,0.46,0.37,-3.33,9.21,-0.37,27
131.94,-19.81,-92.31,0.56,-0.91,-0.36,2.63,-8.73,0.76,-0.72,0.47,0.37,-3.36,9.20,-0.39,27
133.69,-20.25,-92.56,0.55,-0.91,-0.37,2.63,-8.73,0.77,-0.76,0.45,0.35,-3.40,9.18,-0.41,27
134.50,-20.50,-92.69,0.54,-0.91,-0.37,2.66,-8.69,0.81,-0.75,0.49,0.47,-3.47,9.15,-0.45,27
135.31,-20.75,-92.81,0.53,-0.91,-0.38,2.69,-8.54,0.97,-0.81,0.59,0.51,-3.51,9.14,-0.46,27
136.94,-21.19,-93.00,0.52,-0.91,-0.38,2.69,-8.54,1.03,-0.86,0.58,0.55,-3.55,9.12,-0.48,27
137.75,-21.44,-93.06,0.50,-0.92,-0.38,2.72,-8.51,1.06,-0.92,0.64,0.58,-3.62,9.09,-0.50,27
138.56,-21.69,-93.13,0.49,-0.92,-0.39,2.71,-8.35,1.10,-0.95,0.72,0.59,-3.66,9.08,-0.51,27
140.19,-22.19,-93.25,0.46,-0.93,-0.40,2.74,-8.37,1.16,-0.96,0.68,0.64,-3.70,9.06,-0.52,27
141.00,-22.44,-93.31,0.45,-0.93,-0.41,2.74,-8.34,1.16,-1.00,0.70,0.64,-3.74,9.04,-0.52,27
141.88,-22.69,-93.38,0.44,-0.93,-0.41,2.74,-8.32,1.20,-1.02,0.68,0.68,-3.82,9.01,-0.53,27
142.69,-22.94,-93.38,0.41,-0.93,-0.42,2.80,-8.30,1.22,-1.06,0.69,0.68,-3.87,8.99,-0.53,27
144.38,-23.50,-93.38,0.40,-0.94,-0.43,2.82,-8.26,1.19,-1.09,0.70,0.65,-3.91,8.97,-0.53,27
145.19,-23.75,-93.38,0.39,-0.94,-0.44,2.79,-8.26,1.16,-1.20,0.72,0.60,-3.99,8.93,-0.53,27
146.06,-24.06,-93.38,0.38,-0.94,-0.45,2.82,-8.21,1.15,-1.22,0.69,0.63,-4.04,8.91,-0.52,27
147.69,-24.63,-93.31,0.35,-0.94,-0.46,2.82,-8.15,1.23,-1.26,0.74,0.71,-4.08,8.89,-0.51,27
148.56,-24.88,-93.25,0.33,-0.94,-0.47,2.83,-8.18,1.21,-1.33,0.66,0.76,-4.17,8.85,-0.50,27
149.38,-25.19,-93.19,0.32,-0.94,-0.48,2.84,-8.19,1.27,-1.35,0.66,0.77,-4.22,8.83,-0.48,27
150.25,-25.50,-93.13,0.28,-0.94,-0.49,2.84,-8.11,1.31,-1.43,0.70,0.84,-4.27,8.81,-0.47,27
151.88,-26.06,-92.94,0.27,-0.93,-0.49,2.83,-8.08,1.35,-1.52,0.70,0.95,-4.36,8.77,-0.43,27
152.75,-26.38,-92.81,0.25,-0.94,-0.50,2.84,-8.05,1.40,-1.56,0.69,0.98,-4.41,8.74,-0.41,27
154.38,-27.00,-92.56,0.21,-0.94,-0.50,2.84,-7.99,1.38,-1.60,0.72,0.98,-4.45,8.72,-0.39,27
155.19,-27.31,-92.44,0.19,-0.93,-0.51,2.85,-8.00,1.33,-1.74,0.76,1.00,-4.54,8.68,-0.34,27
156.00,-27.63,-92.25,0.15,-0.94,-0.52,2.83,-7.87,1.35,-1.75,0.78,1.03,-4.59,8.65,-0.31,27
157.56,-28.19,-91.88,0.12,-0.94,-0.52,2.81,-7.80,1.35,-1.82,0.82,1.07,-4.64,8.63,-0.28,27
158.38,-28.50,-91.63,0.10,-0.93,-0.52,2.80,-7.76,1.32,-1.88,0.84,1.07,-4.73,8.58,-0.21,27
159.13,-28.81,-91.38,0.08,-0.92,-0.53,2.49,-7.28,1.31,-2.28,1.27,1.13,-4.77,8.56,-0.17,27
160.63,-29.44,-90.94,0.04,-0.90,-0.53,1.92,-6.33,1.38,-2.90,2.20,1.24,-4.82,8.53,-0.14,27
161.19,-29.38,-90.88,0.54,-0.97,0.15,-34.16,31.32,37.81,-38.98,39.86,37.67,-4.81,8.54,-0.13,27
162.88,-28.19,-91.81,3.76,-3.74,2.19,-32.11,29.07,16.68,30.79,-34.33,-34.00,-4.87,8.47,0.78,27
167.06,-29.81,-84.69,-6.62,-7.88,-1.91,24.25,-22.58,20.72,19.31,-14.27,22.41,-4.93,8.30,1.69,27
173.38,-32.13,-75.44,-2.34,-4.18,-4.55,29.07,-15.40,-11.67,23.85,-7.36,-9.59,-5.21,8.03,2.08,27
176.50,-33.13,-71.88,-2.64,-5.12,-3.41,-3.09,-6.82,4.46,6.70,-1.34,-1.47,-5.52,7.54,2.95,27
179.56,-34.25,-68.56,-2.25,-4.56,-3.77,9.05,-5.96,-1.84,3.41,1.31,1.53,-5.63,7.28,3.37,27
185.38,-35.69,-61.56,-2.26,-4.63,-3.61,5.14,-9.86,-4.97,-0.58,-2.85,-1.18,-5.78,6.71,4.19,27
188.13,-36.13,-58.00,-2.24,-4.61,-3.59,7.79,-6.51,-2.84,0.03,-1.68,-0.74,-5.81,6.42,4.59,27
190.75,-36.31,-54.38,-2.23,-4.64,-3.55,6.21,-7.32,-5.34,0.39,-1.20,-0.36,-5.81,6.12,4.98,27
195.81,-36.19,-47.19,-2.19,-4.60,-3.54,6.84,-6.21,-4.78,1.04,-0.40,0.58,-5.79,5.81,5.37,27
198.25,-35.75,-43.69,-2.18,-4.59,-3.53,6.43,-6.29,-5.74,0.75,-0.64,0.06,-5.65,5.17,6.11,27
200.63,-35.19,-40.25,-2.17,-4.58,-3.51,6.36,-5.38,-6.23,0.81,-0.53,0.22,-5.54,4.85,6.46,27
205.25,-33.50,-33.63,-2.16,-4.57,-3.50,6.15,-5.00,-6.69,0.73,-0.47,0.10,-5.41,4.53,6.80,27
207.44,-32.38,-30.50,-2.16,-4.57,-3.50,6.08,-4.74,-6.94,0.81,-0.48,0.17,-5.06,3.87,7.44,27
211.75,-29.69,-24.63,-2.14,-4.55,-3.49,5.64,-4.02,-7.53,0.78,-0.46,0.20,-4.85,3.55,7.74,27
213.88,-28.13,-21.94,-2.13,-4.55,-3.48,5.43,-3.73,-7.85,0.81,-0.50,0.16,-4.62,3.23,8.02,27
215.94,-26.44,-19.38,-2.12,-4.55,-3.48,5.15,-3.40,-8.07,0.76,-0.46,0.23,-4.09,2.59,8.52,27
217.94,-24.63,-16.94,-2.12,-4.54,-3.48,4.54,-2.79,-8.54,0.75,-0.50,0.20,-3.79,2.29,8.74,27
221.94,-20.75,-12.50,-2.10,-4.53,-3.47,4.23,-2.45,-8.76,0.75,-0.46,0.19,-3.47,1.98,8.95,27
223.94,-18.69,-10.50,-2.09,-4.52,-3.47,3.92,-2.19,-8.87,0.78,-0.49,0.25,-3.14,1.69,9.13,27
225.88,-16.50,-8.56,-2.09,-4.51,-3.47,3.53,-1.88,-9.06,0.73,-0.47,0.23,-2.42,1.13,9.43,27
227.81,-14.31,-6.81,-2.09,-4.50,-3.47,2.81,-1.31,-9.26,0.76,-0.45,0.28,-2.04,0.86,9.55,27
231.63,-9.69,-3.56,-2.08,-4.49,-3.46,2.43,-1.05,-9.39,0.77,-0.44,0.24,-1.25,0.36,9.71,27
233.50,-7.31,-2.13,-2.08,-4.47,-3.46,2.03,-0.84,-9.43,0.76,-0.44,0.30,-0.84,0.13,9.76,27
235.38,-4.88,-0.75,-2.08,-4.46,-3.45,1.19,-0.36,-9.48,0.77,-0.44,0.30,-0.42,-0.08,9.79,27
239.13,0.00,1.63,-2.07,-4.45,-3.44,0.75,-0.17,-9.49,0.76,-0.46,0.30,0.44,-0.47,9.78,27
241.00,2.56,2.75,-2.07,-4.44,-3.44,0.32,0.02,-9.46,0.79,-0.46,0.35,0.87,-0.64,9.74,27
242.88,5.13,3.75,-2.07,-4.43,-3.44,-0.53,0.34,-9.30,0.78,-0.45,0.38,1.31,-0.80,9.68,27
246.63,10.31,5.63,-2.06,-4.42,-3.43,-0.95,0.50,-9.21,0.80,-0.44,0.38,1.76,-0.94,9.60,27
248.56,12.94,6.38,-2.05,-4.41,-3.43,-1.38,0.61,-9.10,0.82,-0.43,0.45,2.64,-1.17,9.37,27
250.44,15.56,7.13,-2.03,-4.39,-3.42,-2.24,0.78,-8.76,0.83,-0.47,0.46,3.07,-1.26,9.22,27
254.31,20.94,8.38,-2.03,-4.38,-3.43,-2.67,0.87,-8.55,0.83,-0.45,0.50,3.50,-1.33,9.06,27
256.25,23.63,8.88,-2.02,-4.36,-3.42,32.86,-29.75,28.73,39.46,-38.57,39.56,4.28,-1.39,8.70,27
261.94,27.75,5.81,2.60,-2.49,-6.75,-18.83,5.60,-19.39,-14.26,4.71,-10.76,4.57,-0.88,8.63,27
264.38,28.81,2.13,3.80,-1.51,-5.42,-7.21,-9.53,-8.41,-2.48,-9.85,0.16,4.72,-0.32,8.58,27
267.13,28.88,-1.75,3.92,-0.10,-5.88,-7.35,-6.90,-11.59,2.36,6.04,4.00,4.74,0.84,8.54,27
269.69,28.94,-5.63,3.76,-0.46,-5.63,-4.76,-7.72,-11.37,-0.05,-6.31,-2.89,4.71,1.41,8.47,27
275.00,28.31,-13.31,3.80,-0.36,-5.72,-3.07,-5.30,-9.15,1.57,-3.31,-0.75,4.65,1.98,8.40,27
277.63,27.69,-17.00,3.79,-0.44,-5.66,-4.92,-0.84,-6.60,-0.35,1.70,1.68,4.56,2.54,8.29,27
280.25,26.88,-20.69,3.80,-0.35,-5.69,31.87,29.80,21.99,36.17,33.41,30.03,4.30,3.60,8.03,27
284.63,26.06,-27.13,3.24,-1.95,-3.82,-0.98,-10.46,-9.75,3.32,-6.44,-1.91,4.31,4.01,7.83,27
286.56,25.88,-30.06,3.23,-1.70,-3.91,-6.17,-0.69,-5.04,-1.89,3.72,2.59,4.21,4.81,7.42,27
288.56,25.44,-32.94,3.21,-1.54,-3.95,-1.85,-7.56,-8.76,1.31,-1.16,-1.12,4.13,5.20,7.21,27
290.56,24.88,-35.75,3.18,-1.55,-3.93,-4.13,-5.23,-5.22,-0.10,0.34,1.76,4.03,5.57,6.98,27
294.63,23.50,-41.31,3.19,-1.48,-3.95,-2.37,-3.80,-2.78,1.53,2.14,3.96,3.75,6.29,6.51,27
296.75,22.50,-43.94,3.11,-1.30,-4.04,8.21,3.32,-0.13,-0.71,1.86,4.25,3.52,6.62,6.31,27
299.00,21.06,-46.31,2.82,-0.76,-4.39,-1.40,-4.75,-4.06,1.88,2.17,2.03,3.29,6.93,6.10,27
303.63,17.94,-50.81,2.82,-0.66,-4.50,-2.19,-6.45,-3.48,0.82,0.77,2.40,3.02,7.23,5.88,27
306.00,16.13,-52.94,2.80,-0.53,-4.59,0.07,-2.49,-1.15,2.95,4.57,4.43,2.40,7.78,5.45,27
308.50,14.13,-54.94,2.86,-0.20,-4.99,-0.05,-4.41,-1.67,1.97,3.63,3.55,2.02,8.04,5.23,27
313.69,9.63,-58.81,2.86,-0.20,-4.99,-0.45,-5.60,-2.31,1.19,2.66,2.69,1.64,8.27,5.00,27
316.44,7.19,-60.63,2.90,-0.07,-5.15,-0.23,-5.76,-2.08,1.15,2.76,2.60,0.76,8.66,4.52,27
319.31,4.44,-62.44,3.09,0.35,-5.72,0.62,-6.30,-1.97,0.88,2.51,2.28,0.26,8.82,4.26,27
325.38,-1.56,-66.13,3.45,0.54,-5.95,-2.83,8.99,1.27,-3.10,17.96,5.24,-0.26,8.96,3.96,27
328.25,-4.56,-68.94,5.14,0.82,-5.53,-8.29,18.10,9.09,-11.26,36.68,27.65,-0.98,9.33,2.84,27
329.88,-5.75,-73.00,7.43,-0.12,-2.35,4.83,-0.80,-4.48,3.72,8.68,-2.29,-1.10,9.49,2.19,27
333.19,-7.38,-81.31,7.96,-0.45,-1.76,-0.22,-11.93,3.64,-1.48,-2.31,5.10,-1.26,9.61,1.46,27
335.00,-8.31,-85.63,7.91,-0.59,-1.76,2.48,-10.02,-6.86,1.06,-0.35,-6.13,-1.42,9.67,0.73,27
337.00,-9.25,-89.94,7.90,-0.68,-1.70,0.43,-7.12,5.08,-17.91,24.95,-4.61,-1.74,9.62,-0.70,27
339.00,-10.19,-94.19,4.67,-1.70,-0.20,-31.75,29.78,-25.12,-33.52,39.36,-26.23,-1.77,9.58,-1.11,27
340.56,-8.94,-97.19,1.47,-2.12,2.86,1.68,-18.45,-1.95,0.14,-8.84,-3.16,-1.36,9.61,-1.37,27
340.88,-8.00,-98.13,2.02,-2.06,2.04,1.53,-11.06,5.74,0.74,1.37,-3.04,-1.19,9.61,-1.51,27
341.25,-6.94,-98.94,1.85,-2.12,2.18,1.13,-9.77,4.56,0.11,-0.16,2.90,-1.02,9.61,-1.66,27
341.88,-5.00,-100.69,1.83,-2.19,2.17,0.80,-9.40,-1.30,-0.05,0.19,-3.12,-0.69,9.58,-1.96,27
342.25,-4.00,-101.56,1.82,-2.22,2.18,-0.12,-8.07,-0.50,-6.09,8.73,-4.86,-0.53,9.56,-2.11,27
342.69,-3.13,-102.44,1.71,-2.26,2.14,-8.56,4.08,-8.81,-8.95,13.62,-11.03,-0.39,9.54,-2.22,27
343.75,-1.31,-103.50,0.82,-2.57,2.34,-6.56,1.61,-7.21,-6.79,11.14,-9.50,-0.23,9.53,-2.29,27
344.25,-0.31,-103.69,0.38,-2.61,2.47,-3.14,-1.29,-3.10,-3.04,8.23,-5.43,0.09,9.52,-2.33,27
344.88,0.50,-103.69,-0.49,-2.88,1.87,-3.38,2.56,-0.64,-3.18,12.09,-2.93,0.20,9.53,-2.28,27
347.25,1.50,-102.88,-1.13,-2.99,1.33,-0.12,-4.97,0.42,0.13,4.57,-1.76,0.26,9.55,-2.19,27
348.69,1.69,-102.13,-1.47,-2.94,1.04,0.15,-6.23,0.61,1.05,5.45,-1.31,0.32,9.61,-1.91,27
350.25,1.88,-101.25,-2.07,-2.83,0.61,1.60,-2.21,-2.14,1.93,7.42,-3.87,0.32,9.64,-1.72,27
353.50,1.81,-98.88,-2.36,-2.75,0.31,0.87,-1.75,-0.68,1.18,7.92,-2.19,0.31,9.68,-1.51,27
355.31,1.63,-97.44,-2.71,-2.72,0.03,2.21,-3.24,-2.49,0.93,6.08,-2.42,0.23,9.75,-0.99,27
357.06,1.31,-95.81,-2.96,-2.63,-0.17,0.95,-3.36,-3.57,1.13,6.41,-4.27,0.18,9.78,-0.69,27
0.69,0.63,-92.25,-3.35,-2.46,-0.55,1.49,0.39,-1.65,1.61,10.19,-2.04,0.11,9.79,-0.38,27
2.56,0.00,-90.44,-3.26,-2.15,-1.19,-5.42,18.41,-0.55,-5.42,28.22,-0.63,0.00,9.80,-0.07,27
4.06,-1.19,-90.00,-0.71,-0.51,-2.16,2.56,0.75,11.19,-7.48,-3.93,-6.77,-0.23,9.80,0.02,27
5.38,-1.50,-89.88,0.05,-0.74,-0.25,3.89,-7.03,5.59,3.63,2.76,5.61,-0.26,9.80,0.01,27
5.94,-1.56,-89.88,0.07,-0.94,-0.13,-1.90,-8.96,-2.64,-2.18,0.83,-2.63,-0.29,9.80,0.00,27
6.50,-1.69,-89.94,0.09,-0.79,-0.20,-1.33,-6.04,-1.12,-6.27,7.80,4.58,-0.29,9.80,-0.01,27
6.94,-1.75,-90.00,0.35,-0.78,0.27,-7.12,3.50,4.66,-7.40,13.30,4.62,-0.27,9.80,-0.04,27
7.19,-1.13,-90.50,0.51,-0.77,0.86,-3.94,-1.73,3.08,-1.83,15.29,4.45,-0.09,9.80,-0.13,27
7.00,-0.56,-90.75,0.52,-0.62,1.03,-1.73,5.48,4.59,2.37,16.56,5.69,-0.04,9.80,-0.18,27
6.81,-0.19,-91.00,0.29,-0.11,0.34,4.29,0.62,-0.03,4.28,10.42,-0.24,0.00,9.80,-0.20,27
6.63,0.00,-91.31,0.27,-0.04,0.21,1.38,-2.29,-0.57,1.39,7.50,-0.81,0.01,9.80,-0.25,27
6.56,0.06,-91.44,0.17,-0.02,0.06,1.11,-0.38,-1.41,1.12,9.41,-1.66,0.00,9.80,-0.25,27
6.63,0.00,-91.44,-0.13,-0.01,-0.21,0.07,-0.59,-0.41,0.06,9.21,-0.65,-0.01,9.80,-0.23,27
6.88,-0.19,-91.25,-0.23,0.00,-0.28,-0.20,-0.40,0.06,-0.24,9.40,-0.15,-0.03,9.80,-0.21,27
7.06,-0.38,-91.13,-0.26,0.01,-0.29,-0.70,0.18,0.78,-1.64,10.39,1.45,-0.08,9.80,-0.17,27
7.19,-0.50,-91.00,-0.10,0.00,-0.09,-1.82,-1.70,1.59,-1.91,8.09,1.42,-0.09,9.80,-0.16,27
7.19,-0.50,-90.94,0.01,-0.01,0.05,-0.97,-1.96,1.33,-1.07,7.83,1.17,-0.09,9.80,-0.16,27
7.13,-0.44,-91.00,0.10,-0.00,0.13,-0.58,-0.56,1.11,0.23,10.07,-0.37,-0.06,9.80,-0.18,27
7.06,-0.38,-91.06,0.14,-0.01,0.10,0.21,-0.39,-0.62,0.15,9.40,-0.82,-0.05,9.80,-0.20,27
7.00,-0.25,-91.19,0.07,-0.00,0.05,0.22,-1.01,-0.71,0.17,8.79,-0.92,-0.05,9.80,-0.20,27
7.00,-0.25,-91.19,-0.01,0.00,0.00,0.24,-0.81,-0.49,0.00,9.46,0.13,-0.05,9.80,-0.20,27
7.00,-0.31,-91.13,-0.09,-0.00,-0.09,-0.22,-0.42,0.64,-0.28,9.37,0.44,-0.06,9.80,-0.19,27
7.13,-0.38,-91.06,-0.06,-0.01,-0.09,-0.86,-0.28,0.91,-1.03,9.02,0.58,-0.07,9.80,-0.18,27
7.13,-0.44,-91.06,0.02,0.00,0.02,-0.50,-0.63,0.59,-0.57,9.16,0.41,-0.07,9.80,-0.18,27
6.44,-0.38,-91.06,0.04,-0.00,0.06,-0.22,-0.37,0.31,-0.29,9.43,0.12,-0.06,9.80,-0.19,27
6.44,-0.38,-91.13,0.04,-0.00,0.05,0.05,-0.55,0.01,0.00,9.24,-0.17,-0.06,9.80,-0.19,27
6.44,-0.31,-91.13,-0.01,-0.00,-0.01,-0.10,-0.56,0.07,-0.16,9.23,-0.12,-0.06,9.80,-0.19,27
5.88,-0.38,-91.13,-0.03,0.00,-0.03,-0.26,-0.38,0.31,-0.33,9.41,0.12,-0.06,9.80,-0.19,27
5.88,-0.38,-91.06,-0.03,0.00,-0.03,-0.53,-0.63,0.59,-0.60,9.15,0.44,-0.06,9.80,-0.19,27
5.88,-0.38,-91.06,0.01,-0.00,0.01,-0.32,-0.52,0.47,-0.39,9.28,0.28,-0.06,9.80,-0.19,27
5.88,-0.38,-91.13,0.02,-0.00,0.02,-0.12,-0.49,0.18,-0.19,9.31,0.00,-0.06,9.80,-0.19,27
5.31,-0.38,-91.13,0.02,0.00,0.01,-0.19,-0.49,0.19,-0.26,9.30,0.00,-0.06,9.80,-0.19,27
5.31,-0.38,-91.13,-0.01,0.00,-0.01,-0.31,-0.49,0.31,-0.37,9.30,0.11,-0.06,9.80,-0.19,27
5.31,-0.38,-91.06,-0.01,-0.00,-0.01,-0.35,-0.55,0.50,-0.41,9.26,0.32,-0.07,9.80,-0.18,27
5.38,-0.38,-91.06,0.01,-0.00,0.00,-0.28,-0.55,0.41,-0.36,9.25,0.24,-0.07,9.80,-0.17,27
4.88,-0.44,-90.94,0.01,0.00,0.01,-0.20,-0.49,0.23,-0.28,9.30,0.06,-0.08,9.80,-0.16,27
4.94,-0.50,-90.94,0.01,0.00,0.00,-0.25,-0.49,0.29,-0.34,9.31,0.13,-0.09,9.80,-0.16,27
4.94,-0.50,-90.88,-0.01,0.00,-0.00,-0.28,-0.52,0.35,-0.38,9.28,0.19,-0.09,9.80,-0.15,27
4.50,-0.56,-90.81,-0.01,-0.00,-0.00,-0.28,-0.53,0.36,-0.38,9.27,0.21,-0.10,9.80,-0.14,27
4.56,-0.56,-90.81,0.00,-0.00,0.00,-0.23,-0.50,0.26,-0.33,9.29,0.12,-0.10,9.80,-0.13,27
4.56,-0.63,-90.75,0.00,0.00,0.00,-0.20,-0.50,0.25,-0.31,9.29,0.12,-0.11,9.80,-0.13,27
4.63,-0.63,-90.75,-0.00,0.00,0.00,-0.22,-0.50,0.29,-0.33,9.30,0.16,-0.11,9.80,-0.13,27
4.19,-0.69,-90.69,-0.00,-0.00,-0.00,-0.22,-0.53,0.33,-0.36,9.27,0.20,-0.12,9.80,-0.12,27
4.19,-0.69,-90.69,-0.00,0.00,0.00,-0.21,-0.54,0.27,-0.34,9.25,0.16,-0.12,9.80,-0.11,27
4.25,-0.75,-90.63,0.00,-0.00,0.00,-0.18,-0.53,0.27,-0.31,9.27,0.16,-0.13,9.80,-0.10,27
4.25,-0.75,-90.63,0.01,0.00,0.00,-0.17,-0.51,0.23,-0.32,9.29,0.17,-0.13,9.80,-0.10,27
3.81,-0.75,-90.56,0.00,-0.00,-0.00,-0.21,-0.53,0.28,-0.35,9.26,0.18,-0.13,9.80,-0.10,27
3.88,-0.81,-90.56,-0.00,-0.00,-0.00,-0.23,-0.50,0.27,-0.37,9.29,0.17,-0.14,9.80,-0.09,27
3.88,-0.81,-90.50,0.00,0.00,0.00,-0.18,-0.50,0.25,-0.32,9.30,0.16,-0.14,9.80,-0.09,27
3.50,-0.81,-90.50,-0.00,-0.00,0.00,-0.18,-0.52,0.23,-0.33,9.28,0.15,-0.14,9.80,-0.08,27
3.56,-0.88,-90.44,0.00,-0.00,0.00,-0.18,-0.53,0.25,-0.33,9.29,0.16,-0.15,9.80,-0.08,27
3.56,-0.88,-90.44,0.00,-0.00,-0.00,-0.17,-0.53,0.23,-0.33,9.26,0.16,-0.15,9.80,-0.07,27
3.56,-0.88,-90.44,0.00,-0.00,0.00,-0.17,-0.51,0.27,-0.32,9.29,0.19,-0.15,9.80,-0.07,27
3.31,-0.94,-90.38,0.00,-0.00,0.00,-0.18,-0.52,0.25,-0.35,9.26,0.17,-0.16,9.80,-0.06,27
3.38,-0.94,-90.38,0.00,0.00,0.00,-0.17,-0.52,0.22,-0.34,9.27,0.15,-0.16,9.80,-0.06,27
3.38,-0.94,-90.31,0.00,0.00,0.00,-0.18,-0.52,0.25,-0.34,9.28,0.19,-0.17,9.80,-0.06,27
3.38,-0.94,-90.31,0.00,-0.00,0.00,-0.17,-0.50,0.23,-0.33,9.28,0.18,-0.17,9.80,-0.05,27
3.13,-1.00,-90.31,-0.00,-0.00,0.00,-0.17,-0.52,0.23,-0.34,9.27,0.17,-0.17,9.80,-0.05,27
3.19,-1.00,-90.25,0.00,-0.01,0.00,-0.16,-0.52,0.18,-0.34,9.27,0.13,-0.17,9.80,-0.05,27
3.19,-1.00,-90.25,0.00,0.00,0.00,-0.16,-0.50,0.23,-0.34,9.29,0.18,-0.18,9.80,-0.04,27
3.00,-1.06,-90.25,0.00,-0.00,0.00,-0.17,-0.52,0.19,-0.35,9.28,0.15,-0.18,9.80,-0.04,27
3.00,-1.06,-90.19,0.00,-0.00,0.00,-0.16,-0.52,0.18,-0.34,9.28,0.16,-0.18,9.80,-0.04,27
3.00,-1.06,-90.19,0.00,-0.00,-0.00,-0.14,-0.51,0.17,-0.33,9.28,0.13,-0.18,9.80,-0.03,27
3.00,-1.06,-90.19,0.00,0.00,0.00,-0.15,-0.51,0.19,-0.34,9.29,0.16,-0.18,9.80,-0.03,27
2.75,-1.06,-90.19,0.00,0.00,0.00,-0.14,-0.52,0.19,-0.36,9.29,0.17,-0.19,9.80,-0.03,27
2.75,-1.13,-90.19,0.00,0.00,-0.00,-0.14,-0.52,0.18,-0.33,9.27,0.15,-0.19,9.80,-0.03,27
2.81,-1.13,-90.13,-0.00,0.00,-0.00,-0.14,-0.52,0.21,-0.34,9.28,0.18,-0.19,9.80,-0.02,27
2.81,-1.13,-90.13,-0.00,0.00,0.00,-0.13,-0.50,0.19,-0.32,9.28,0.18,-0.19,9.80,-0.02,27
2.63,-1.13,-90.13,-0.00,-0.00,-0.00,-0.13,-0.50,0.21,-0.33,9.29,0.19,-0.20,9.80,-0.02,27
2.63,-1.13,-90.06,-0.00,-0.00,0.00,-0.15,-0.52,0.20,-0.35,9.28,0.18,-0.20,9.80,-0.02,27
2.69,-1.19,-90.06,-0.00,-0.00,0.00,-0.14,-0.50,0.18,-0.32,9.26,0.16,-0.20,9.80,-0.01,27
2.69,-1.19,-90.06,-0.00,-0.00,0.00,-0.12,-0.51,0.17,-0.33,9.28,0.15,-0.20,9.80,-0.01,27
2.38,-1.19,-90.06,-0.00,0.00,0.00,-0.11,-0.53,0.16,-0.34,9.27,0.16,-0.20,9.80,-0.01,27
2.38,-1.19,-90.06,-0.00,0.00,0.00,-0.12,-0.54,0.16,-0.33,9.26,0.15,-0.21,9.80,-0.01,27
2.38,-1.19,-90.00,-0.00,-0.00,0.00,-0.13,-0.52,0.18,-0.34,9.28,0.18,-0.21,9.80,0.00,27
2.19,-1.19,-90.00,0.00,-0.00,-0.00,-0.12,-0.51,0.19,-0.35,9.27,0.13,-0.21,9.80,0.00,27
2.19,-1.25,-90.00,0.00,0.00,0.00,-0.12,-0.51,0.16,-0.34,9.29,0.15,-0.21,9.80,0.00,27
2.25,-1.25,-90.00,-0.00,-0.00,0.00,-0.12,-0.52,0.17,-0.33,9.28,0.17,-0.21,9.80,0.00,27
2.25,-1.25,-90.00,-0.00,-0.00,-0.00,-0.13,-0.50,0.16,-0.33,9.28,0.15,-0.21,9.80,0.00,27
2.06,-1.25,-90.00,-0.00,-0.00,0.00,-0.13,-0.52,0.15,-0.35,9.27,0.15,-0.22,9.80,0.00,27
2.06,-1.25,-89.94,0.00,0.00,0.00,-0.11,-0.50,0.15,-0.33,9.29,0.16,-0.22,9.80,0.00,26
2.06,-1.25,-89.94,0.00,-0.00,0.00,-0.11,-0.50,0.16,-0.33,9.29,0.16,-0.22,9.80,0.00,26
2.06,-1.25,-89.94,0.00,0.00,-0.00,-0.10,-0.53,0.16,-0.33,9.27,0.17,-0.22,9.80,0.00,26
1.81,-1.31,-89.94,0.00,0.00,-0.00,-0.10,-0.51,0.17,-0.32,9.29,0.15,-0.22,9.80,0.00,26
1.81,-1.31,-89.94,-0.00,0.00,0.00,-0.11,-0.53,0.14,-0.33,9.26,0.15,-0.22,9.80,0.01,26
1.88,-1.31,-89.88,0.00,0.00,0.00,-0.11,-0.53,0.14,-0.34,9.27,0.16,-0.22,9.80,0.01,26
1.63,-1.31,-89.88,-0.00,-0.00,0.00,-0.10,-0.51,0.16,-0.34,9.28,0.15,-0.23,9.80,0.01,26
1.63,-1.31,-89.88,-0.00,-0.00,0.00,-0.10,-0.53,0.11,-0.33,9.27,0.13,-0.23,9.80,0.01,26
1.63,-1.31,-89.88,-0.00,-0.00,0.00,-0.10,-0.50,0.14,-0.33,9.29,0.15,-0.23,9.80,0.01,26
1.63,-1.31,-89.88,0.00,0.00,0.00,-0.11,-0.53,0.12,-0.36,9.31,0.16,-0.23,9.80,0.01,26
1.44,-1.31,-89.88,0.00,0.00,-0.00,-0.11,-0.51,0.14,-0.34,9.29,0.16,-0.23,9.80,0.01,26
1.44,-1.38,-89.88,-0.00,0.00,0.00,-0.09,-0.51,0.13,-0.32,9.29,0.15,-0.23,9.80,0.01,26
1.44,-1.38,-89.88,0.00,0.00,0.00,-0.08,-0.51,0.14,-0.32,9.28,0.17,-0.23,9.80,0.02,26
1.44,-1.38,-89.81,0.00,-0.00,0.00,-0.10,-0.52,0.14,-0.33,9.28,0.16,-0.23,9.80,0.02,26
1.38,-1.38,-89.81,0.00,-0.00,0.00,-0.08,-0.50,0.13,-0.34,9.29,0.16,-0.24,9.80,0.02,26
1.38,-1.38,-89.81,0.00,-0.00,0.00,-0.09,-0.52,0.12,-0.33,9.28,0.15,-0.24,9.80,0.02,26
1.38,-1.38,-89.81,-0.00,0.00,0.00,-0.10,-0.51,0.13,-0.34,9.28,0.16,-0.24,9.80,0.02,26
1.38,-1.38,-89.81,0.00,-0.00,-0.00,-0.09,-0.51,0.13,-0.33,9.28,0.17,-0.24,9.80,0.02,26
1.38,-1.38,-89.81,0.00,0.00,0.00,-0.09,-0.52,0.13,-0.33,9.27,0.16,-0.24,9.80,0.03,26
1.38,-1.38,-89.81,-0.00,-0.00,0.00,-0.10,-0.52,0.13,-0.34,9.28,0.16,-0.24,9.80,0.03,26
1.38,-1.38,-89.75,0.00,-0.00,0.00,-0.11,-0.50,0.17,-0.33,9.27,0.17,-0.24,9.80,0.03,26
1.38,-1.44,-89.75,0.00,-0.00,0.00,-0.08,-0.51,0.12,-0.33,9.29,0.15,-0.24,9.80,0.03,26
1.38,-1.44,-89.75,0.00,0.00,0.00,-0.09,-0.51,0.11,-0.34,9.29,0.14,-0.24,9.80,0.03,26
1.38,-1.44,-89.75,0.00,-0.00,-0.00,-0.09,-0.50,0.10,-0.31,9.29,0.16,-0.24,9.80,0.03,26
1.38,-1.44,-89.75,0.00,-0.00,0.00,-0.08,-0.52,0.13,-0.33,9.27,0.17,-0.24,9.80,0.03,26
1.31,-1.44,-89.75,0.00,-0.00,-0.00,-0.10,-0.52,0.12,-0.34,9.29,0.17,-0.25,9.80,0.03,26
1.31,-1.44,-89.75,0.00,-0.00,0.00,-0.10,-0.50,0.12,-0.35,9.29,0.16,-0.25,9.80,0.04,26
1.31,-1.44,-89.75,0.00,-0.00,-0.00,-0.08,-0.52,0.11,-0.33,9.27,0.15,-0.25,9.80,0.04,26
1.19,-1.44,-89.75,0.00,-0.00,0.00,-0.09,-0.52,0.12,-0.34,9.28,0.16,-0.25,9.80,0.04,26
1.19,-1.44,-89.75,0.00,-0.01,0.00,-0.06,-0.53,0.08,-0.32,9.27,0.12,-0.25,9.80,0.04,26
1.19,-1.44,-89.69,0.00,0.00,0.00,-0.07,-0.48,0.12,-0.32,9.31,0.17,-0.25,9.80,0.04,26
1.19,-1.44,-89.69,-0.00,0.00,0.00,-0.08,-0.51,0.13,-0.34,9.29,0.18,-0.25,9.80,0.04,26
1.00,-1.44,-89.69,0.00,0.00,0.00,-0.08,-0.53,0.12,-0.34,9.27,0.17,-0.25,9.80,0.04,26
1.00,-1.50,-89.69,0.00,0.00,0.00,-0.08,-0.52,0.08,-0.33,9.28,0.13,-0.25,9.80,0.04,26
1.00,-1.50,-89.69,0.00,0.00,0.00,-0.08,-0.53,0.11,-0.34,9.29,0.16,-0.25,9.80,0.04,26
1.00,-1.50,-89.69,-0.00,0.00,0.00,-0.07,-0.53,0.10,-0.33,9.27,0.15,-0.25,9.80,0.04,26
0.94,-1.50,-89.69,0.00,-0.00,0.00,-0.08,-0.53,0.11,-0.34,9.27,0.16,-0.25,9.80,0.04,26
0.94,-1.50,-89.69,0.00,0.00,-0.00,-0.08,-0.55,0.09,-0.33,9.30,0.18,-0.26,9.80,0.05,26
0.94,-1.50,-89.69,0.00,-0.00,0.00,-0.08,-0.49,0.13,-0.34,9.30,0.18,-0.26,9.80,0.05,26
0.94,-1.50,-89.69,-0.00,-0.00,0.00,-0.08,-0.51,0.12,-0.34,9.28,0.18,-0.26,9.80,0.05,26
0.94,-1.50,-89.69,0.00,-0.00,0.00,-0.06,-0.51,0.07,-0.32,9.28,0.13,-0.26,9.80,0.05,26
1.00,-1.50,-89.63,-0.00,-0.00,-0.00,-0.06,-0.51,0.12,-0.32,9.29,0.17,-0.26,9.80,0.05,26
1.00,-1.50,-89.63,-0.00,-0.00,0.00,-0.06,-0.50,0.12,-0.32,9.29,0.17,-0.26,9.80,0.05,26
0.88,-1.50,-89.63,0.00,-0.00,0.00,-0.07,-0.52,0.10,-0.34,9.27,0.16,-0.26,9.80,0.05,26
0.88,-1.50,-89.63,-0.00,0.00,-0.00,-0.06,-0.51,0.09,-0.33,9.29,0.15,-0.26,9.80,0.05,26
0.88,-1.50,-89.63,0.00,0.00,0.00,-0.07,-0.53,0.09,-0.33,9.27,0.17,-0.26,9.80,0.05,26
0.88,-1.50,-89.63,0.00,0.00,0.00,-0.09,-0.51,0.09,-0.35,9.29,0.15,-0.26,9.80,0.05,26
0.88,-1.56,-89.63,-0.00,0.00,0.00,-0.08,-0.49,0.10,-0.35,9.30,0.16,-0.26,9.80,0.05,26
0.88,-1.56,-89.63,-0.00,0.00,0.00,-0.08,-0.52,0.09,-0.35,9.28,0.15,-0.26,9.80,0.06,26
0.88,-1.56,-89.63,0.00,-0.00,-0.00,-0.06,-0.52,0.09,-0.32,9.28,0.15,-0.26,9.80,0.06,26
0.81,-1.56,-89.63,-0.00,0.00,0.00,-0.08,-0.51,0.11,-0.35,9.29,0.17,-0.27,9.80,0.06,26
0.81,-1.56,-89.63,0.00,0.00,0.00,-0.08,-0.53,0.10,-0.35,9.27,0.16,-0.27,9.80,0.06,26
0.88,-1.56,-89.63,0.00,-0.00,0.00,-0.05,-0.52,0.12,-0.32,9.27,0.19,-0.27,9.80,0.06,26
0.88,-1.56,-89.56,0.00,0.00,0.00,-0.06,-0.52,0.13,-0.33,9.28,0.19,-0.27,9.80,0.06,26
0.81,-1.56,-89.56,0.00,0.00,0.00,-0.06,-0.52,0.10,-0.33,9.27,0.17,-0.27,9.80,0.06,26
0.81,-1.56,-89.56,-0.00,0.00,0.00,-0.05,-0.50,0.10,-0.32,9.29,0.17,-0.27,9.80,0.06,26
0.81,-1.56,-89.56,0.00,0.00,0.00,-0.07,-0.52,0.10,-0.36,9.29,0.16,-0.27,9.80,0.06,26
0.81,-1.56,-89.56,0.00,0.00,-0.00,-0.05,-0.54,0.09,-0.32,9.26,0.16,-0.27,9.80,0.06,26
0.75,-1.56,-89.56,0.00,0.00,0.00,-0.07,-0.52,0.09,-0.32,9.28,0.12,-0.27,9.80,0.06,26
0.75,-1.56,-89.56,0.00,0.00,0.00,-0.06,-0.51,0.08,-0.33,9.28,0.15,-0.27,9.80,0.06,26
0.75,-1.56,-89.56,0.00,0.00,-0.00,-0.05,-0.52,0.10,-0.32,9.28,0.17,-0.27,9.80,0.06,26
0.75,-1.56,-89.56,0.00,0.00,0.00,-0.05,-0.54,0.11,-0.33,9.25,0.18,-0.27,9.80,0.07,26
0.75,-1.56,-89.56,-0.00,0.00,-0.00,-0.05,-0.51,0.09,-0.32,9.29,0.16,-0.27,9.80,0.07,26
0.75,-1.56,-89.56,0.00,-0.00,0.00,-0.04,-0.52,0.10,-0.31,9.28,0.17,-0.27,9.80,0.07,26
0.75,-1.56,-89.56,0.00,0.00,-0.00,-0.07,-0.53,0.10,-0.35,9.27,0.18,-0.27,9.80,0.07,26
0.69,-1.56,-89.56,0.00,-0.00,-0.00,-0.08,-0.50,0.08,-0.36,9.29,0.15,-0.27,9.80,0.07,26
0.69,-1.56,-89.56,-0.00,0.00,0.00,-0.06,-0.52,0.08,-0.33,9.28,0.15,-0.27,9.80,0.07,26
0.69,-1.56,-89.56,0.00,0.00,0.00,-0.06,-0.53,0.10,-0.33,9.28,0.18,-0.27,9.80,0.07,26
0.69,-1.56,-89.56,0.00,0.00,0.00,-0.06,-0.51,0.10,-0.34,9.29,0.17,-0.27,9.80,0.07,26
0.75,-1.56,-89.56,0.00,0.00,-0.00,-0.06,-0.52,0.09,-0.33,9.28,0.15,-0.27,9.80,0.07,26
0.75,-1.56,-89.56,-0.00,-0.00,0.00,-0.06,-0.52,0.07,-0.33,9.27,0.14,-0.27,9.80,0.07,26
0.75,-1.56,-89.56,-0.00,-0.00,0.00,-0.04,-0.53,0.08,-0.31,9.27,0.15,-0.27,9.80,0.07,26
0.69,-1.56,-89.56,-0.00,0.00,0.00,-0.06,-0.53,0.12,-0.32,9.27,0.17,-0.27,9.80,0.07,26
0.69,-1.56,-89.56,-0.00,-0.00,0.00,-0.05,-0.54,0.09,-0.32,9.26,0.16,-0.27,9.80,0.07,26
0.69,-1.56,-89.56,0.00,0.00,-0.00,-0.05,-0.49,0.09,-0.35,9.29,0.16,-0.27,9.80,0.07,27
0.69,-1.56,-89.56,-0.00,-0.00,0.00,-0.06,-0.52,0.10,-0.34,9.28,0.18,-0.27,9.80,0.07,27
0.69,-1.56,-89.56,-0.00,-0.00,0.00,-0.07,-0.52,0.08,-0.35,9.27,0.16,-0.27,9.80,0.07,27
0.69,-1.56,-89.56,0.00,0.00,-0.00,-0.05,-0.50,0.10,-0.33,9.29,0.18,-0.27,9.80,0.07,27
0.69,-1.56,-89.56,0.00,0.00,0.00,-0.05,-0.52,0.08,-0.32,9.28,0.16,-0.27,9.80,0.07,27
0.69,-1.56,-89.56,0.00,0.00,0.00,-0.06,-0.54,0.11,-0.34,9.26,0.18,-0.27,9.80,0.07,27
0.69,-1.56,-89.56,-0.00,0.00,0.00,-0.07,-0.51,0.08,-0.34,9.28,0.15,-0.27,9.80,0.07,27
0.69,-1.56,-89.56,0.00,0.00,0.00,-0.06,-0.52,0.09,-0.34,9.27,0.17,-0.27,9.80,0.07,27
0.69,-1.56,-89.56,-0.00,0.00,0.00,-0.06,-0.50,0.12,-0.34,9.29,0.19,-0.27,9.80,0.07,27
0.56,-1.56,-89.56,0.00,0.00,0.00,-0.08,-0.51,0.11,-0.36,9.29,0.18,-0.27,9.80,0.07,27
0.56,-1.56,-89.56,0.00,0.00,-0.00,-0.06,-0.52,0.09,-0.33,9.27,0.16,-0.27,9.80,0.07,27
0.56,-1.56,-89.56,0.00,-0.00,0.00,-0.04,-0.49,0.08,-0.34,9.29,0.14,-0.27,9.80,0.07,27
0.56,-1.56,-89.56,-0.00,-0.00,0.00,-0.06,-0.51,0.11,-0.33,9.29,0.19,-0.27,9.80,0.07,27
0.56,-1.56,-89.56,0.00,-0.00,0.00,-0.05,-0.51,0.10,-0.34,9.27,0.16,-0.27,9.80,0.07,27
0.56,-1.56,-89.56,-0.00,0.00,-0.00,-0.08,-0.49,0.09,-0.36,9.30,0.17,-0.27,9.80,0.07,27
0.56,-1.56,-89.56,0.00,-0.00,0.00,-0.08,-0.52,0.10,-0.35,9.27,0.18,-0.27,9.80,0.07,27
0.63,-1.56,-89.56,-0.00,-0.00,-0.00,-0.06,-0.52,0.06,-0.35,9.26,0.13,-0.27,9.80,0.07,27
0.63,-1.56,-89.56,0.00,0.00,0.00,-0.06,-0.52,0.07,-0.34,9.27,0.14,-0.27,9.80,0.07,27
0.63,-1.56,-89.56,0.00,-0.00,0.00,-0.06,-0.50,0.09,-0.32,9.29,0.14,-0.27,9.80,0.07,27
0.63,-1.56,-89.56,-0.00,-0.00,0.00,-0.06,-0.52,0.08,-0.33,9.28,0.16,-0.27,9.80,0.07,27
0.63,-1.56,-89.56,-0.00,-0.00,0.00,-0.07,-0.50,0.11,-0.35,9.29,0.18,-0.27,9.80,0.07,27
0.63,-1.56,-89.56,0.00,0.00,-0.00,-0.06,-0.51,0.08,-0.33,9.28,0.15,-0.27,9.80,0.07,27
0.63,-1.56,-89.56,0.00,-0.00,0.00,-0.07,-0.51,0.09,-0.35,9.29,0.16,-0.27,9.80,0.07,27
0.56,-1.56,-89.56,0.00,0.00,0.00,-0.06,-0.51,0.12,-0.34,9.29,0.19,-0.27,9.80,0.07,27
0.56,-1.56,-89.56,0.00,-0.00,0.00,-0.06,-0.50,0.06,-0.33,9.29,0.13,-0.27,9.80,0.07,27
0.56,-1.56,-89.56,0.00,0.00,0.00,-0.05,-0.53,0.11,-0.32,9.27,0.18,-0.27,9.80,0.07,27
0.56,-1.56,-89.56,0.00,0.00,0.00,-0.05,-0.53,0.10,-0.32,9.27,0.17,-0.27,9.80,0.07,27
0.56,-1.56,-89.56,0.00,0.00,0.00,-0.06,-0.49,0.10,-0.34,9.30,0.17,-0.27,9.80,0.07,27
0.56,-1.56,-89.56,0.00,0.00,0.00,-0.06,-0.52,0.08,-0.33,9.28,0.15,-0.27,9.80,0.07,27
0.56,-1.56,-89.56,-0.00,0.00,0.00,-0.07,-0.52,0.13,-0.32,9.27,0.18,-0.27,9.80,0.07,27
0.56,-1.56,-89.56,-0.00,0.00,0.00,-0.06,-0.52,0.08,-0.34,9.28,0.15,-0.27,9.80,0.07,27
0.50,-1.56,-89.56,-0.00,0.00,0.00,-0.05,-0.51,0.07,-0.32,9.29,0.19,-0.27,9.80,0.07,27
0.50,-1.56,-89.56,-0.00,-0.01,0.00,-0.06,-0.51,0.07,-0.34,9.29,0.14,-0.27,9.80,0.07,27
0.50,-1.56,-89.56,0.00,0.00,-0.00,-0.07,-0.53,0.09,-0.34,9.26,0.16,-0.27,9.80,0.07,27
0.50,-1.56,-89.56,0.00,0.00,0.00,-0.06,-0.51,0.10,-0.33,9.29,0.16,-0.27,9.80,0.07,27
0.50,-1.56,-89.56,-0.00,-0.00,-0.00,-0.06,-0.52,0.06,-0.34,9.28,0.13,-0.27,9.80,0.07,27
0.50,-1.56,-89.56,-0.00,0.00,-0.00,-0.05,-0.50,0.10,-0.32,9.29,0.16,-0.27,9.80,0.07,27
0.50,-1.56,-89.56,0.00,0.00,-0.00,-0.06,-0.51,0.09,-0.33,9.29,0.17,-0.27,9.80,0.07,27
0.50,-1.56,-89.56,-0.00,0.00,0.00,-0.08,-0.50,0.10,-0.36,9.29,0.17,-0.27,9.80,0.07,27
0.50,-1.56,-89.56,-0.00,-0.00,0.00,-0.05,-0.51,0.10,-0.33,9.28,0.18,-0.27,9.80,0.07,27
0.50,-1.56,-89.56,0.00,-0.00,0.00,-0.05,-0.53,0.09,-0.33,9.27,0.16,-0.27,9.80,0.07,27
0.50,-1.56,-89.56,0.00,-0.00,0.00,-0.06,-0.52,0.10,-0.33,9.28,0.17,-0.27,9.80,0.07,27
0.50,-1.56,-89.56,-0.00,0.00,0.00,-0.05,-0.53,0.08,-0.33,9.27,0.15,-0.27,9.80,0.07,27
0.50,-1.56,-89.56,0.00,0.00,0.00,-0.05,-0.52,0.08,-0.33,9.28,0.16,-0.27,9.80,0.07,27
0.50,-1.56,-89.56,-0.00,0.00,-0.00,-0.07,-0.52,0.05,-0.32,9.27,0.15,-0.27,9.80,0.07,27
0.38,-1.56,-89.56,-0.00,0.00,-0.00,-0.05,-0.49,0.09,-0.33,9.30,0.17,-0.27,9.80,0.07,27
0.38,-1.56,-89.56,-0.00,-0.00,-0.00,-0.07,-0.49,0.07,-0.34,9.30,0.14,-0.27,9.80,0.07,27
0.38,-1.56,-89.56,0.00,-0.00,-0.00,-0.09,-0.50,0.10,-0.36,9.29,0.17,-0.27,9.80,0.07,27
0.38,-1.56,-89.56,-0.00,0.00,0.00,-0.07,-0.51,0.10,-0.34,9.28,0.18,-0.27,9.80,0.07,27
0.38,-1.56,-89.56,-0.00,0.00,0.00,-0.04,-0.52,0.08,-0.32,9.29,0.15,-0.27,9.80,0.07,27
0.38,-1.56,-89.56,0.00,-0.00,-0.00,-0.06,-0.52,0.07,-0.34,9.28,0.14,-0.27,9.80,0.07,27
0.38,-1.56,-89.56,-0.00,0.00,0.00,-0.07,-0.51,0.10,-0.34,9.29,0.17,-0.27,9.80,0.07,27
0.25,-1.56,-89.56,0.00,0.00,0.00,-0.07,-0.53,0.09,-0.35,9.29,0.18,-0.27,9.80,0.07,27
0.25,-1.56,-89.56,-0.00,-0.00,-0.00,-0.05,-0.52,0.08,-0.33,9.28,0.16,-0.27,9.80,0.07,27
0.25,-1.56,-89.56,0.00,0.00,0.00,-0.05,-0.53,0.09,-0.31,9.27,0.17,-0.27,9.80,0.07,27
0.25,-1.56,-89.56,0.00,0.00,0.00,-0.07,-0.52,0.09,-0.34,9.28,0.16,-0.27,9.80,0.07,27
0.19,-1.56,-89.56,0.00,-0.00,0.00,-0.05,-0.51,0.08,-0.32,9.28,0.15,-0.27,9.80,0.07,27
0.19,-1.56,-89.56,0.00,-0.00,0.00,-0.05,-0.52,0.08,-0.32,9.27,0.16,-0.27,9.80,0.07,27
0.19,-1.56,-89.56,-0.00,-0.00,-0.00,-0.05,-0.50,0.09,-0.33,9.29,0.17,-0.27,9.80,0.07,27
0.19,-1.56,-89.56,-0.00,0.00,0.00,-0.05,-0.51,0.11,-0.32,9.28,0.18,-0.27,9.80,0.07,27
0.19,-1.56,-89.56,0.00,0.00,0.00,-0.06,-0.52,0.08,-0.33,9.27,0.15,-0.27,9.80,0.07,27
0.19,-1.56,-89.56,0.00,-0.00,0.00,-0.05,-0.52,0.12,-0.33,9.28,0.19,-0.27,9.80,0.07,27
0.19,-1.56,-89.56,0.00,0.00,-0.00,-0.08,-0.51,0.10,-0.32,9.28,0.20,-0.27,9.80,0.07,27
0.25,-1.56,-89.56,0.00,0.00,0.00,-0.05,-0.51,0.12,-0.32,9.28,0.19,-0.27,9.80,0.07,27
0.25,-1.56,-89.56,0.00,0.00,0.00,-0.06,-0.50,0.09,-0.33,9.29,0.17,-0.27,9.80,0.07,27
0.25,-1.56,-89.56,0.00,0.00,0.00,-0.07,-0.52,0.08,-0.35,9.28,0.15,-0.27,9.80,0.07,27
0.25,-1.56,-89.56,0.00,0.00,-0.00,-0.05,-0.52,0.08,-0.33,9.27,0.16,-0.27,9.80,0.07,27
0.25,-1.56,-89.56,0.00,0.00,0.00,-0.05,-0.50,0.08,-0.35,9.28,0.14,-0.27,9.80,0.07,27
0.25,-1.56,-89.56,0.00,-0.00,0.00,-0.06,-0.52,0.10,-0.33,9.27,0.17,-0.27,9.80,0.07,27
0.25,-1.56,-89.56,0.00,0.00,0.00,-0.05,-0.53,0.08,-0.33,9.27,0.16,-0.27,9.80,0.07,27
0.25,-1.56,-89.56,-0.00,0.00,0.00,-0.07,-0.52,0.10,-0.35,9.28,0.18,-0.27,9.80,0.07,27
0.25,-1.56,-89.56,0.00,0.00,0.00,-0.05,-0.50,0.07,-0.33,9.29,0.14,-0.27,9.80,0.07,27
0.25,-1.56,-89.56,-0.00,0.00,0.00,-0.07,-0.51,0.08,-0.33,9.27,0.19,-0.27,9.80,0.07,27
0.25,-1.56,-89.56,-0.00,-0.00,0.00,-0.05,-0.52,0.10,-0.32,9.28,0.17,-0.27,9.80,0.07,27
0.25,-1.56,-89.56,0.00,-0.00,-0.00,-0.06,-0.49,0.09,-0.33,9.29,0.12,-0.27,9.80,0.07,27
0.25,-1.56,-89.56,0.00,0.00,0.00,-0.06,-0.53,0.09,-0.33,9.27,0.16,-0.27,9.80,0.07,27
0.25,-1.56,-89.56,-0.00,-0.00,0.00,-0.05,-0.52,0.10,-0.33,9.28,0.17,-0.27,9.80,0.07,27
0.25,-1.56,-89.56,0.00,-0.00,0.00,-0.05,-0.52,0.10,-0.33,9.28,0.18,-0.27,9.80,0.07,27
0.25,-1.56,-89.56,-0.00,-0.00,-0.00,-0.06,-0.52,0.06,-0.34,9.27,0.13,-0.27,9.80,0.07,27
0.25,-1.56,-89.56,-0.00,0.00,-0.00,-0.05,-0.51,0.11,-0.33,9.29,0.20,-0.27,9.80,0.07,27
0.25,-1.56,-89.56,-0.00,0.00,0.00,-0.06,-0.49,0.11,-0.33,9.30,0.18,-0.27,9.80,0.07,27
0.25,-1.56,-89.56,-0.00,0.00,-0.00,-0.07,-0.51,0.08,-0.34,9.28,0.13,-0.27,9.80,0.07,27
0.25,-1.56,-89.56,-0.00,0.00,-0.00,-0.05,-0.50,0.09,-0.33,9.29,0.16,-0.27,9.80,0.07,27
0.25,-1.56,-89.56,0.00,0.00,0.00,-0.04,-0.53,0.08,-0.31,9.26,0.15,-0.27,9.80,0.07,27
0.25,-1.56,-89.56,0.00,0.00,0.00,-0.06,-0.50,0.11,-0.32,9.27,0.13,-0.27,9.80,0.07,27
0.25,-1.56,-89.56,0.00,0.00,-0.00,-0.06,-0.53,0.07,-0.34,9.26,0.14,-0.27,9.80,0.07,27
0.25,-1.56,-89.56,0.00,-0.00,0.00,-0.06,-0.51,0.08,-0.32,9.29,0.16,-0.27,9.80,0.07,27
0.25,-1.56,-89.56,0.00,-0.00,-0.00,-0.05,-0.51,0.10,-0.33,9.28,0.18,-0.27,9.80,0.07,27
0.25,-1.56,-89.56,-0.00,0.00,-0.00,-0.05,-0.52,0.10,-0.32,9.27,0.17,-0.27,9.80,0.07,27
0.25,-1.56,-89.56,0.00,0.00,0.00,-0.06,-0.54,0.10,-0.34,9.26,0.17,-0.27,9.80,0.07,27
0.25,-1.56,-89.56,-0.00,0.00,0.00,-0.07,-0.50,0.09,-0.34,9.29,0.17,-0.27,9.80,0.07,27
0.25,-1.56,-89.56,0.00,0.00,0.00,-0.06,-0.52,0.10,-0.34,9.27,0.17,-0.27,9.80,0.07,27
0.25,-1.56,-89.56,0.00,0.00,0.00,-0.05,-0.52,0.10,-0.32,9.27,0.18,-0.27,9.80,0.07,27
0.25,-1.56,-89.56,0.00,0.00,-0.00,-0.06,-0.52,0.06,-0.33,9.28,0.13,-0.27,9.80,0.07,27
0.25,-1.56,-89.56,0.00,0.00,-0.00,-0.06,-0.51,0.09,-0.33,9.27,0.15,-0.27,9.80,0.07,27
0.25,-1.56,-89.56,0.00,0.00,-0.00,-0.05,-0.51,0.09,-0.32,9.29,0.17,-0.27,9.80,0.07,27
0.25,-1.56,-89.56,0.00,-0.00,0.00,-0.05,-0.53,0.11,-0.33,9.27,0.18,-0.27,9.80,0.07,27
0.25,-1.56,-89.56,-0.00,-0.00,-0.00,-0.04,-0.51,0.09,-0.32,9.28,0.17,-0.27,9.80,0.07,27
0.25,-1.56,-89.56,0.00,0.00,-0.00,-0.06,-0.53,0.10,-0.33,9.27,0.18,-0.27,9.80,0.07,27
0.25,-1.56,-89.56,0.00,-0.00,0.00,-0.05,-0.53,0.08,-0.33,9.27,0.16,-0.27,9.80,0.07,27
0.25,-1.56,-89.56,0.00,0.00,0.00,-0.05,-0.51,0.10,-0.32,9.29,0.17,-0.27,9.80,0.07,27
0.25,-1.56,-89.56,-0.00,-0.00,0.00,-0.05,-0.51,0.09,-0.33,9.29,0.16,-0.27,9.80,0.07,27
0.25,-1.56,-89.56,-0.00,0.00,0.00,-0.05,-0.53,0.11,-0.32,9.27,0.19,-0.27,9.80,0.07,27
0.25,-1.56,-89.56,-0.00,-0.00,0.00,-0.05,-0.50,0.08,-0.33,9.29,0.15,-0.27,9.80,0.07,27
0.25,-1.56,-89.56,-0.00,0.00,-0.00,-0.05,-0.52,0.12,-0.34,9.29,0.16,-0.27,9.80,0.07,27
0.25,-1.56,-89.56,0.00,0.00,0.00,-0.06,-0.53,0.13,-0.33,9.27,0.20,-0.27,9.80,0.07,27
0.25,-1.56,-89.56,0.00,0.00,0.00,-0.05,-0.53,0.12,-0.32,9.29,0.16,-0.27,9.80,0.07,27
0.25,-1.56,-89.56,0.00,0.00,0.00,-0.06,-0.52,0.08,-0.33,9.28,0.15,-0.27,9.80,0.07,27
0.25,-1.56,-89.56,-0.00,-0.00,0.00,-0.04,-0.51,0.08,-0.31,9.28,0.15,-0.27,9.80,0.07,27
0.25,-1.56,-89.56,0.00,0.00,0.00,-0.06,-0.50,0.10,-0.34,9.27,0.16,-0.27,9.80,0.07,27
0.25,-1.56,-89.56,-0.00,-0.00,0.00,-0.07,-0.54,0.09,-0.34,9.26,0.17,-0.27,9.80,0.07,27
0.25,-1.56,-89.56,-0.00,0.00,0.00,-0.05,-0.53,0.10,-0.33,9.27,0.18,-0.27,9.80,0.07,27
0.25,-1.56,-89.56,0.00,0.00,0.00,-0.06,-0.50,0.11,-0.34,9.29,0.18,-0.27,9.80,0.07,27
0.25,-1.56,-89.56,0.00,0.00,0.00,-0.05,-0.52,0.08,-0.33,9.28,0.16,-0.27,9.80,0.07,27
0.25,-1.56,-89.56,0.00,-0.00,0.00,-0.07,-0.53,0.08,-0.33,9.29,0.16,-0.27,9.80,0.07,27
0.25,-1.56,-89.56,-0.00,0.00,0.00,-0.06,-0.52,0.09,-0.34,9.28,0.16,-0.27,9.80,0.07,27
0.25,-1.56,-89.56,0.00,-0.00,-0.00,-0.06,-0.50,0.10,-0.34,9.29,0.17,-0.27,9.80,0.07,27
0.25,-1.56,-89.56,0.00,0.00,0.00,-0.05,-0.49,0.07,-0.32,9.30,0.14,-0.27,9.80,0.07,27
0.25,-1.56,-89.56,-0.00,-0.00,-0.00,-0.06,-0.50,0.08,-0.33,9.29,0.16,-0.27,9.80,0.07,27
0.25,-1.56,-89.56,0.00,-0.00,0.00,-0.06,-0.51,0.09,-0.34,9.29,0.15,-0.27,9.80,0.07,27
0.25,-1.56,-89.56,0.00,-0.00,0.00,-0.03,-0.52,0.10,-0.31,9.28,0.18,-0.27,9.80,0.07,27
0.25,-1.56,-89.56,0.00,-0.00,-0.00,-0.06,-0.51,0.06,-0.34,9.29,0.13,-0.27,9.80,0.07,27
0.25,-1.56,-89.56,0.00,0.00,0.00,-0.05,-0.52,0.10,-0.32,9.27,0.17,-0.27,9.80,0.07,27
0.25,-1.56,-89.56,-0.00,-0.00,0.00,-0.05,-0.51,0.09,-0.33,9.29,0.17,-0.27,9.80,0.07,27
0.25,-1.56,-89.56,-0.00,-0.00,0.00,-0.04,-0.50,0.11,-0.34,9.28,0.16,-0.27,9.80,0.07,27
0.25,-1.56,-89.56,-0.00,0.00,-0.00,-0.06,-0.52,0.07,-0.34,9.28,0.14,-0.27,9.80,0.07,27
0.25,-1.56,-89.56,-0.00,-0.00,0.00,-0.05,-0.53,0.10,-0.32,9.27,0.17,-0.27,9.80,0.07,27
0.25,-1.56,-89.56,0.00,0.00,0.00,-0.04,-0.51,0.10,-0.35,9.29,0.16,-0.27,9.80,0.07,27
0.25,-1.56,-89.56,0.00,0.00,-0.00,-0.05,-0.52,0.09,-0.33,9.27,0.17,-0.27,9.80,0.07,27
0.25,-1.56,-89.56,0.00,-0.00,0.00,-0.06,-0.52,0.08,-0.34,9.29,0.18,-0.27,9.80,0.07,27
0.25,-1.56,-89.56,-0.00,0.00,0.00,-0.08,-0.53,0.10,-0.35,9.26,0.18,-0.27,9.80,0.07,27
0.25,-1.56,-89.56,-0.00,-0.00,-0.00,-0.05,-0.51,0.10,-0.31,9.27,0.15,-0.27,9.80,0.07,27
0.25,-1.56,-89.56,-0.00,0.00,-0.00,-0.05,-0.51,0.09,-0.33,9.28,0.17,-0.27,9.80,0.07,27
0.25,-1.56,-89.56,-0.00,0.00,-0.00,-0.06,-0.52,0.07,-0.34,9.28,0.14,-0.27,9.80,0.07,27
0.25,-1.56,-89.56,0.00,0.00,0.00,-0.06,-0.52,0.09,-0.32,9.27,0.15,-0.27,9.80,0.07,27
0.25,-1.56,-89.56,-0.00,-0.00,-0.00,-0.07,-0.52,0.07,-0.35,9.27,0.14,-0.27,9.80,0.07,27
0.25,-1.56,-89.56,-0.00,0.00,0.00,-0.05,-0.53,0.10,-0.32,9.29,0.18,-0.27,9.80,0.07,27
0.25,-1.56,-89.56,0.00,0.00,0.00,-0.05,-0.54,0.09,-0.32,9.26,0.16,-0.27,9.80,0.07,27
0.25,-1.56,-89.56,0.00,0.00,-0.00,-0.05,-0.53,0.08,-0.33,9.26,0.16,-0.27,9.80,0.07,27
0.25,-1.56,-89.56,0.00,-0.00,0.00,-0.05,-0.51,0.12,-0.32,9.28,0.19,-0.27,9.80,0.07,27
0.25,-1.56,-89.56,0.00,0.00,0.00,-0.03,-0.51,0.10,-0.31,9.29,0.17,-0.27,9.80,0.07,27
0.25,-1.56,-89.56,0.00,0.00,0.00,-0.06,-0.50,0.11,-0.32,9.27,0.18,-0.27,9.80,0.07,27
0.25,-1.56,-89.56,0.00,-0.00,0.00,-0.05,-0.50,0.08,-0.33,9.29,0.15,-0.27,9.80,0.07,27
0.25,-1.56,-89.56,-0.00,-0.00,0.00,-0.05,-0.53,0.09,-0.32,9.27,0.17,-0.27,9.80,0.07,27
0.25,-1.56,-89.56,-0.00,-0.00,0.00,-0.07,-0.51,0.10,-0.35,9.29,0.19,-0.27,9.80,0.07,27
0.25,-1.56,-89.56,-0.00,-0.00,0.00,-0.07,-0.51,0.07,-0.34,9.28,0.14,-0.27,9.80,0.07,27
0.25,-1.56,-89.56,0.00,0.00,-0.00,-0.06,-0.51,0.08,-0.32,9.29,0.17,-0.27,9.80,0.07,27
0.25,-1.56,-89.56,0.00,0.00,0.00,-0.05,-0.49,0.08,-0.32,9.30,0.15,-0.27,9.80,0.07,27
0.25,-1.56,-89.56,0.00,0.00,0.00,-0.05,-0.52,0.10,-0.33,9.28,0.17,-0.27,9.80,0.07,27
0.25,-1.56,-89.56,0.00,0.00,0.00,-0.06,-0.50,0.10,-0.35,9.30,0.19,-0.27,9.80,0.07,27
0.25,-1.56,-89.56,0.00,0.00,0.00,-0.04,-0.50,0.11,-0.31,9.29,0.18,-0.27,9.80,0.07,27
0.25,-1.56,-89.56,0.00,0.00,-0.00,-0.05,-0.52,0.11,-0.32,9.27,0.18,-0.27,9.80,0.07,27
0.25,-1.56,-89.56,-0.00,0.00,-0.00,-0.06,-0.51,0.11,-0.34,9.29,0.18,-0.27,9.80,0.07,27
0.25,-1.56,-89.56,0.00,-0.00,-0.00,-0.06,-0.51,0.08,-0.33,9.28,0.15,-0.27,9.80,0.07,27
0.25,-1.56,-89.56,0.00,0.00,0.00,-0.06,-0.51,0.10,-0.34,9.26,0.16,-0.27,9.80,0.07,27
0.25,-1.56,-89.56,0.00,0.00,0.00,-0.06,-0.51,0.13,-0.33,9.29,0.20,-0.27,9.80,0.07,27
0.25,-1.56,-89.56,0.00,-0.00,-0.00,-0.06,-0.52,0.09,-0.32,9.29,0.15,-0.27,9.80,0.07,27
0.25,-1.56,-89.56,-0.00,0.00,0.00,-0.05,-0.50,0.09,-0.33,9.29,0.16,-0.27,9.80,0.07,27
0.25,-1.56,-89.56,0.00,0.00,-0.00,-0.05,-0.52,0.08,-0.33,9.28,0.15,-0.27,9.80,0.07,27
0.25,-1.56,-89.56,0.00,0.00,0.00,-0.03,-0.50,0.12,-0.32,9.28,0.16,-0.27,9.80,0.07,27
0.25,-1.56,-89.56,0.00,0.00,-0.00,-0.05,-0.50,0.08,-0.33,9.29,0.16,-0.27,9.80,0.07,27
0.25,-1.56,-89.56,0.00,0.00,-0.00,-0.07,-0.53,0.08,-0.33,9.28,0.15,-0.27,9.80,0.07,27
0.25,-1.56,-89.56,0.00,-0.00,0.00,-0.07,-0.51,0.08,-0.34,9.28,0.16,-0.27,9.80,0.07,27
